Position_x,Team,grid_position_diff,GridPosition,best_qualifying_time,target_position
1.0,Mercedes,0.0,1.0,81.164,2.0
2.0,Ferrari,0.0,2.0,81.828,3.0
3.0,Ferrari,0.0,3.0,81.838,1.0
4.0,Red Bull,0.0,4.0,81.879,6.0
5.0,Red Bull,3.0,8.0,82.152,4.0
8.0,Renault,-1.0,7.0,83.532,7.0
9.0,Renault,0.0,9.0,83.577,10.0
10.0,Mercedes,5.0,15.0,82.089,8.0
11.0,McLaren,-1.0,10.0,83.69200000000001,5.0
12.0,McLaren,-1.0,11.0,83.85300000000001,9.0
13.0,Force India,-1.0,12.0,84.005,11.0
14.0,Williams,-1.0,13.0,84.23,14.0
15.0,Force India,-1.0,14.0,84.786,12.0
16.0,Toro Rosso,0.0,16.0,84.532,15.0
18.0,Sauber,0.0,18.0,84.636,13.0
1.0,Ferrari,0.0,1.0,87.958,1.0
3.0,Mercedes,0.0,3.0,88.124,2.0
4.0,Mercedes,5.0,9.0,88.22,3.0
6.0,Toro Rosso,-1.0,5.0,89.32900000000001,4.0
7.0,Haas F1 Team,-1.0,6.0,89.358,5.0
8.0,Renault,-1.0,7.0,89.57,6.0
9.0,Force India,-1.0,8.0,89.874,10.0
10.0,Renault,0.0,10.0,89.986,11.0
11.0,Toro Rosso,0.0,11.0,90.105,17.0
12.0,Force India,0.0,12.0,90.156,16.0
13.0,McLaren,0.0,13.0,90.212,7.0
14.0,McLaren,0.0,14.0,90.525,8.0
16.0,Haas F1 Team,0.0,16.0,90.53,13.0
17.0,Sauber,0.0,17.0,91.063,9.0
18.0,Williams,0.0,18.0,91.414,15.0
19.0,Sauber,0.0,19.0,91.42,12.0
20.0,Williams,0.0,20.0,91.503,14.0
1.0,Ferrari,0.0,1.0,91.095,8.0
2.0,Ferrari,0.0,2.0,91.182,3.0
3.0,Mercedes,0.0,3.0,91.625,2.0
4.0,Mercedes,0.0,4.0,91.675,4.0
5.0,Red Bull,0.0,5.0,91.79599999999999,5.0
6.0,Red Bull,0.0,6.0,91.94800000000001,1.0
7.0,Renault,0.0,7.0,92.532,6.0
8.0,Force India,0.0,8.0,92.75800000000001,12.0
9.0,Renault,0.0,9.0,92.819,9.0
10.0,Haas F1 Team,0.0,10.0,92.85499999999999,17.0
11.0,Haas F1 Team,0.0,11.0,92.98599999999999,10.0
12.0,Force India,0.0,12.0,93.057,11.0
13.0,McLaren,0.0,13.0,93.232,7.0
14.0,McLaren,0.0,14.0,93.505,13.0
15.0,Toro Rosso,0.0,15.0,93.795,20.0
16.0,Williams,0.0,16.0,94.062,15.0
17.0,Toro Rosso,0.0,17.0,94.101,18.0
18.0,Williams,0.0,18.0,94.285,14.0
19.0,Sauber,0.0,19.0,94.45400000000001,19.0
20.0,Sauber,0.0,20.0,94.914,16.0
1.0,Ferrari,0.0,1.0,101.49799999999999,4.0
2.0,Mercedes,0.0,2.0,101.67699999999999,1.0
6.0,Ferrari,0.0,6.0,102.49000000000001,2.0
8.0,Force India,0.0,8.0,102.547,3.0
10.0,Renault,-1.0,9.0,103.351,5.0
11.0,Williams,-1.0,10.0,103.58500000000001,8.0
13.0,McLaren,-1.0,12.0,104.019,7.0
14.0,Sauber,-1.0,13.0,104.074,6.0
15.0,Haas F1 Team,0.0,15.0,104.759,13.0
16.0,McLaren,0.0,16.0,104.489,9.0
17.0,Toro Rosso,0.0,17.0,104.49600000000001,12.0
18.0,Sauber,0.0,18.0,105.541,11.0
19.0,Toro Rosso,0.0,19.0,117.354,10.0
1.0,Mercedes,0.0,1.0,76.173,1.0
2.0,Mercedes,0.0,2.0,76.213,2.0
3.0,Ferrari,0.0,3.0,76.305,4.0
5.0,Red Bull,0.0,5.0,76.816,3.0
6.0,Red Bull,0.0,6.0,76.818,5.0
7.0,Haas F1 Team,0.0,7.0,77.676,6.0
8.0,McLaren,0.0,8.0,77.721,8.0
9.0,Renault,0.0,9.0,77.78999999999999,7.0
14.0,Sauber,0.0,14.0,78.91,10.0
15.0,Force India,0.0,15.0,79.098,9.0
17.0,Sauber,0.0,17.0,79.493,13.0
18.0,Williams,1.0,19.0,79.695,14.0
19.0,Williams,-1.0,18.0,80.225,11.0
20.0,Toro Rosso,0.0,20.0,84.536,12.0
1.0,Red Bull,0.0,1.0,70.81,1.0
2.0,Ferrari,0.0,2.0,71.039,2.0
3.0,Mercedes,0.0,3.0,71.232,3.0
4.0,Ferrari,0.0,4.0,71.266,4.0
8.0,Renault,0.0,8.0,72.13,10.0
9.0,Force India,0.0,9.0,72.154,12.0
10.0,Toro Rosso,0.0,10.0,72.221,7.0
12.0,McLaren,0.0,12.0,72.44,14.0
13.0,Williams,0.0,13.0,72.521,16.0
15.0,Haas F1 Team,3.0,18.0,72.728,15.0
17.0,Sauber,-1.0,16.0,73.265,11.0
18.0,Williams,-1.0,17.0,73.32300000000001,17.0
19.0,Haas F1 Team,0.0,19.0,73.393,13.0
20.0,Red Bull,0.0,20.0,84.536,9.0
5.0,Mercedes,0.0,5.0,71.441,5.0
6.0,Force India,0.0,6.0,72.061,6.0
11.0,Renault,0.0,11.0,72.411,8.0
1.0,Ferrari,0.0,1.0,70.764,1.0
2.0,Mercedes,0.0,2.0,70.857,2.0
3.0,Red Bull,0.0,3.0,70.937,3.0
4.0,Mercedes,0.0,4.0,70.996,5.0
5.0,Ferrari,0.0,5.0,71.095,6.0
6.0,Red Bull,0.0,6.0,71.116,4.0
7.0,Renault,0.0,7.0,71.973,7.0
8.0,Force India,0.0,8.0,72.084,9.0
9.0,Renault,0.0,9.0,72.168,8.0
10.0,Force India,0.0,10.0,72.67099999999999,14.0
15.0,McLaren,0.0,15.0,72.865,16.0
16.0,Toro Rosso,0.0,16.0,73.047,11.0
18.0,Williams,0.0,18.0,73.643,17.0
19.0,Sauber,0.0,19.0,74.593,15.0
20.0,Haas F1 Team,0.0,20.0,84.536,12.0
11.0,Haas F1 Team,0.0,11.0,72.606,13.0
13.0,Sauber,0.0,13.0,72.661,10.0
1.0,Mercedes,0.0,1.0,90.029,1.0
2.0,Mercedes,0.0,2.0,90.14699999999999,7.0
3.0,Ferrari,0.0,3.0,90.4,5.0
4.0,Red Bull,0.0,4.0,90.705,2.0
5.0,Red Bull,0.0,5.0,90.895,4.0
6.0,Ferrari,0.0,6.0,91.057,3.0
7.0,Renault,0.0,7.0,92.126,8.0
8.0,Sauber,0.0,8.0,92.63499999999999,10.0
9.0,Haas F1 Team,0.0,9.0,92.93,6.0
10.0,Haas F1 Team,0.0,10.0,91.47200000000001,11.0
12.0,Renault,0.0,12.0,92.11500000000001,9.0
15.0,Sauber,0.0,15.0,92.82,13.0
16.0,McLaren,0.0,16.0,92.976,16.0
17.0,Toro Rosso,3.0,20.0,93.025,14.0
18.0,McLaren,-1.0,17.0,93.162,12.0
19.0,Williams,-1.0,18.0,93.636,15.0
20.0,Williams,-1.0,19.0,93.729,17.0
3.0,Ferrari,3.0,6.0,63.464,3.0
4.0,Ferrari,-1.0,3.0,63.66,2.0
5.0,Red Bull,-1.0,4.0,63.84,1.0
6.0,Haas F1 Team,-1.0,5.0,63.892,4.0
8.0,Haas F1 Team,0.0,8.0,64.051,5.0
9.0,Renault,0.0,9.0,64.725,12.0
11.0,Force India,0.0,11.0,64.845,6.0
12.0,Toro Rosso,0.0,12.0,64.874,11.0
13.0,Sauber,5.0,18.0,64.979,9.0
14.0,McLaren,-1.0,13.0,65.05799999999999,8.0
15.0,Williams,-1.0,14.0,65.286,14.0
16.0,McLaren,-1.0,15.0,65.271,15.0
17.0,Force India,-1.0,16.0,65.279,7.0
18.0,Williams,-1.0,17.0,65.322,13.0
20.0,Sauber,0.0,20.0,65.479,10.0
1.0,Mercedes,0.0,1.0,85.892,2.0
2.0,Ferrari,0.0,2.0,85.936,1.0
3.0,Ferrari,0.0,3.0,85.99,3.0
4.0,Mercedes,0.0,4.0,86.217,4.0
6.0,Red Bull,0.0,6.0,87.099,5.0
7.0,Haas F1 Team,0.0,7.0,87.244,9.0
10.0,Force India,0.0,10.0,88.194,7.0
11.0,Renault,0.0,11.0,87.901,6.0
12.0,Force India,0.0,12.0,87.928,10.0
13.0,McLaren,0.0,13.0,88.139,8.0
14.0,Toro Rosso,0.0,14.0,88.343,13.0
17.0,McLaren,0.0,17.0,89.096,11.0
18.0,Williams,0.0,18.0,89.252,14.0
19.0,Williams,0.0,19.0,84.536,12.0
2.0,Mercedes,0.0,2.0,71.416,2.0
3.0,Ferrari,0.0,3.0,71.547,3.0
4.0,Red Bull,0.0,4.0,71.822,4.0
5.0,Haas F1 Team,0.0,5.0,72.2,11.0
6.0,Haas F1 Team,0.0,6.0,72.544,6.0
7.0,Renault,0.0,7.0,72.56,5.0
8.0,Renault,0.0,8.0,72.69200000000001,12.0
9.0,Sauber,0.0,9.0,72.717,15.0
10.0,Force India,0.0,10.0,72.774,7.0
11.0,McLaren,0.0,11.0,73.657,16.0
13.0,Sauber,0.0,13.0,73.736,9.0
14.0,Mercedes,0.0,14.0,73.012,1.0
16.0,Force India,-1.0,15.0,73.72,8.0
17.0,Toro Rosso,-1.0,16.0,73.749,14.0
18.0,Toro Rosso,-1.0,17.0,74.045,10.0
20.0,McLaren,-1.0,19.0,74.401,13.0
3.0,Ferrari,0.0,3.0,96.186,3.0
4.0,Ferrari,0.0,4.0,96.21000000000001,2.0
5.0,Renault,0.0,5.0,96.743,9.0
6.0,Toro Rosso,0.0,6.0,97.59100000000001,6.0
8.0,Toro Rosso,0.0,8.0,98.128,11.0
9.0,Haas F1 Team,0.0,9.0,99.858,7.0
10.0,Haas F1 Team,0.0,10.0,100.593,10.0
11.0,McLaren,0.0,11.0,95.214,8.0
12.0,Red Bull,0.0,12.0,96.44200000000001,4.0
13.0,Renault,0.0,13.0,96.506,12.0
14.0,Sauber,0.0,14.0,97.075,15.0
15.0,Williams,0.0,15.0,78.56,17.0
18.0,Force India,0.0,18.0,79.142,13.0
19.0,Force India,0.0,19.0,79.2,14.0
20.0,Williams,0.0,20.0,79.301,16.0
1.0,Mercedes,0.0,1.0,95.658,1.0
2.0,Mercedes,0.0,2.0,95.918,5.0
1.0,Mercedes,0.0,1.0,118.179,2.0
2.0,Ferrari,0.0,2.0,118.905,1.0
3.0,Force India,0.0,3.0,121.851,6.0
4.0,Force India,0.0,4.0,121.894,5.0
5.0,Haas F1 Team,0.0,5.0,122.122,7.0
7.0,Red Bull,0.0,7.0,122.769,3.0
9.0,Haas F1 Team,0.0,9.0,124.93299999999999,8.0
10.0,Mercedes,9.0,19.0,102.191,4.0
11.0,Toro Rosso,-1.0,10.0,103.844,9.0
12.0,Toro Rosso,-1.0,11.0,103.86500000000001,14.0
14.0,Sauber,-1.0,13.0,104.301,10.0
16.0,Renault,-2.0,14.0,104.489,11.0
18.0,Williams,-2.0,16.0,104.99799999999999,12.0
19.0,Williams,-2.0,17.0,105.134,13.0
20.0,McLaren,-2.0,18.0,105.307,15.0
1.0,Ferrari,0.0,1.0,79.119,2.0
2.0,Ferrari,0.0,2.0,79.28,4.0
3.0,Mercedes,0.0,3.0,79.294,1.0
4.0,Mercedes,0.0,4.0,79.656,3.0
5.0,Red Bull,0.0,5.0,80.615,5.0
7.0,Renault,0.0,7.0,81.041,8.0
8.0,Force India,0.0,8.0,81.099,6.0
9.0,Toro Rosso,0.0,9.0,81.35,14.0
10.0,Williams,0.0,10.0,81.627,9.0
11.0,Haas F1 Team,0.0,11.0,81.669,16.0
12.0,Williams,0.0,12.0,81.732,10.0
14.0,Renault,6.0,20.0,81.801,13.0
16.0,Force India,-2.0,14.0,81.888,7.0
17.0,Sauber,-2.0,15.0,81.889,11.0
19.0,Sauber,-1.0,18.0,82.048,15.0
20.0,McLaren,-3.0,17.0,82.08500000000001,12.0
1.0,Mercedes,0.0,1.0,96.015,1.0
2.0,Red Bull,0.0,2.0,96.334,2.0
3.0,Ferrari,0.0,3.0,96.628,3.0
4.0,Mercedes,0.0,4.0,96.702,4.0
5.0,Ferrari,0.0,5.0,96.794,5.0
6.0,Red Bull,0.0,6.0,96.99600000000001,6.0
7.0,Force India,0.0,7.0,97.985,16.0
8.0,Haas F1 Team,0.0,8.0,98.32,15.0
10.0,Renault,0.0,10.0,98.588,10.0
11.0,McLaren,0.0,11.0,98.64099999999999,7.0
12.0,Renault,0.0,12.0,98.71600000000001,8.0
13.0,Sauber,0.0,13.0,98.747,9.0
14.0,Sauber,0.0,14.0,99.453,11.0
15.0,Toro Rosso,0.0,15.0,99.691,13.0
16.0,Haas F1 Team,0.0,16.0,99.644,18.0
17.0,Toro Rosso,0.0,17.0,99.809,17.0
18.0,McLaren,0.0,18.0,99.864,12.0
19.0,Williams,0.0,19.0,101.263,19.0
20.0,Williams,0.0,20.0,101.334,14.0
1.0,Mercedes,0.0,1.0,91.387,2.0
2.0,Mercedes,0.0,2.0,91.532,1.0
3.0,Ferrari,0.0,3.0,91.943,3.0
4.0,Ferrari,0.0,4.0,92.237,4.0
5.0,Haas F1 Team,0.0,5.0,93.181,8.0
6.0,Force India,0.0,6.0,93.413,9.0
7.0,Sauber,0.0,7.0,93.419,7.0
8.0,Force India,0.0,8.0,93.563,10.0
9.0,Haas F1 Team,0.0,9.0,93.70400000000001,11.0
10.0,Sauber,0.0,10.0,95.196,13.0
11.0,Red Bull,8.0,19.0,93.048,5.0
12.0,Red Bull,6.0,18.0,93.247,6.0
14.0,Renault,-3.0,11.0,94.626,17.0
15.0,Renault,-3.0,12.0,94.655,12.0
17.0,McLaren,-1.0,16.0,95.50399999999999,14.0
18.0,Williams,-5.0,13.0,95.612,18.0
19.0,McLaren,-4.0,15.0,95.977,16.0
20.0,Williams,-6.0,14.0,96.437,15.0
1.0,Mercedes,0.0,1.0,87.76,1.0
2.0,Mercedes,0.0,2.0,88.059,2.0
3.0,Red Bull,0.0,3.0,89.057,3.0
4.0,Ferrari,0.0,4.0,89.521,5.0
5.0,Haas F1 Team,0.0,5.0,89.761,8.0
6.0,Toro Rosso,0.0,6.0,90.023,13.0
7.0,Toro Rosso,0.0,7.0,90.093,11.0
8.0,Force India,3.0,11.0,90.126,9.0
9.0,Ferrari,-1.0,8.0,92.19200000000001,6.0
10.0,Force India,-1.0,9.0,97.229,7.0
13.0,Renault,0.0,13.0,90.49,10.0
14.0,Williams,0.0,14.0,90.714,17.0
15.0,Red Bull,0.0,15.0,89.806,4.0
17.0,Williams,0.0,17.0,90.372,16.0
18.0,McLaren,0.0,18.0,90.57300000000001,14.0
19.0,McLaren,0.0,19.0,91.041,15.0
20.0,Sauber,0.0,20.0,91.213,12.0
1.0,Mercedes,0.0,1.0,92.237,3.0
2.0,Ferrari,3.0,5.0,92.298,4.0
3.0,Ferrari,-1.0,2.0,92.307,1.0
4.0,Mercedes,-1.0,3.0,92.616,5.0
7.0,Renault,0.0,7.0,94.215,6.0
10.0,Force India,0.0,10.0,94.594,8.0
11.0,Renault,0.0,11.0,94.566,7.0
13.0,Toro Rosso,6.0,19.0,94.85,12.0
14.0,Toro Rosso,6.0,20.0,95.206,9.0
15.0,Red Bull,3.0,18.0,94.76599999999999,2.0
17.0,Williams,-3.0,14.0,95.362,13.0
18.0,Williams,-3.0,15.0,95.47999999999999,14.0
19.0,Sauber,-3.0,16.0,95.536,10.0
20.0,McLaren,-3.0,17.0,95.735,11.0
2.0,Red Bull,0.0,2.0,74.785,1.0
3.0,Mercedes,0.0,3.0,74.894,4.0
4.0,Ferrari,0.0,4.0,74.97,2.0
5.0,Mercedes,0.0,5.0,75.16,5.0
6.0,Ferrari,0.0,6.0,75.33,3.0
7.0,Renault,0.0,7.0,75.827,6.0
9.0,Sauber,0.0,9.0,76.189,7.0
10.0,Sauber,0.0,10.0,76.513,9.0
11.0,Force India,0.0,11.0,76.844,11.0
14.0,Toro Rosso,0.0,14.0,77.184,14.0
15.0,Toro Rosso,5.0,20.0,76.828,10.0
16.0,Haas F1 Team,2.0,18.0,76.911,16.0
17.0,McLaren,-2.0,15.0,76.96600000000001,8.0
18.0,Haas F1 Team,-2.0,16.0,77.599,15.0
19.0,Williams,-2.0,17.0,77.689,12.0
20.0,Williams,-1.0,19.0,77.886,13.0
1.0,Mercedes,0.0,1.0,67.281,1.0
2.0,Ferrari,0.0,2.0,67.374,6.0
3.0,Mercedes,0.0,3.0,67.441,5.0
4.0,Ferrari,0.0,4.0,67.456,3.0
5.0,Red Bull,0.0,5.0,67.778,2.0
6.0,Red Bull,5.0,11.0,67.78,4.0
8.0,Sauber,-1.0,7.0,68.492,7.0
9.0,Haas F1 Team,-1.0,8.0,68.517,8.0
10.0,Toro Rosso,-1.0,9.0,69.029,13.0
11.0,Haas F1 Team,-1.0,10.0,68.659,9.0
12.0,Force India,0.0,12.0,68.741,10.0
13.0,Force India,5.0,18.0,68.77,15.0
15.0,Williams,-1.0,14.0,70.381,16.0
16.0,Renault,-1.0,15.0,69.269,12.0
17.0,Toro Rosso,-1.0,16.0,69.28,11.0
18.0,McLaren,-1.0,17.0,69.402,17.0
19.0,Williams,0.0,19.0,69.441,18.0
20.0,McLaren,0.0,20.0,69.601,14.0
1.0,Mercedes,0.0,1.0,94.794,1.0
2.0,Mercedes,0.0,2.0,94.956,5.0
3.0,Ferrari,0.0,3.0,95.125,2.0
5.0,Red Bull,0.0,5.0,95.40100000000001,4.0
6.0,Red Bull,0.0,6.0,95.589,3.0
7.0,Haas F1 Team,0.0,7.0,96.19200000000001,9.0
8.0,Sauber,0.0,8.0,96.237,7.0
11.0,Renault,0.0,11.0,96.982,6.0
13.0,Haas F1 Team,0.0,13.0,97.309,10.0
14.0,Force India,0.0,14.0,97.541,8.0
15.0,McLaren,0.0,15.0,97.743,11.0
16.0,Toro Rosso,0.0,16.0,97.994,12.0
18.0,McLaren,0.0,18.0,98.577,14.0
19.0,Williams,0.0,19.0,98.63499999999999,15.0
20.0,Williams,0.0,20.0,98.682,13.0
1.0,Mercedes,0.0,1.0,80.486,2.0
2.0,Mercedes,0.0,2.0,80.598,1.0
3.0,Ferrari,0.0,3.0,81.19,4.0
4.0,Red Bull,0.0,4.0,81.32,3.0
5.0,Ferrari,0.0,5.0,81.44200000000001,5.0
7.0,Haas F1 Team,0.0,7.0,82.099,6.0
8.0,McLaren,0.0,8.0,82.304,12.0
9.0,Alfa Romeo,0.0,9.0,82.314,8.0
10.0,Racing Point,0.0,10.0,82.781,13.0
11.0,Renault,0.0,11.0,82.562,7.0
13.0,Toro Rosso,0.0,13.0,82.636,14.0
14.0,Alfa Romeo,0.0,14.0,82.714,15.0
15.0,Toro Rosso,0.0,15.0,82.774,10.0
16.0,Racing Point,0.0,16.0,83.017,9.0
17.0,Red Bull,0.0,17.0,83.02,11.0
19.0,Williams,0.0,19.0,84.36,16.0
20.0,Williams,0.0,20.0,86.06700000000001,17.0
1.0,Ferrari,0.0,1.0,87.866,3.0
2.0,Ferrari,0.0,2.0,88.16,5.0
3.0,Mercedes,0.0,3.0,88.19,1.0
4.0,Mercedes,0.0,4.0,88.256,2.0
5.0,Red Bull,0.0,5.0,88.752,4.0
6.0,Haas F1 Team,0.0,6.0,88.757,13.0
9.0,Alfa Romeo,-1.0,8.0,89.02199999999999,7.0
10.0,McLaren,-1.0,9.0,89.043,6.0
12.0,Toro Rosso,0.0,12.0,89.513,9.0
13.0,Red Bull,0.0,13.0,89.526,8.0
14.0,Racing Point,0.0,14.0,89.756,10.0
15.0,Toro Rosso,0.0,15.0,89.854,12.0
16.0,Alfa Romeo,0.0,16.0,90.026,11.0
18.0,Racing Point,0.0,18.0,90.217,14.0
19.0,Williams,0.0,19.0,91.759,15.0
20.0,Williams,0.0,20.0,91.799,16.0
1.0,Mercedes,0.0,1.0,91.547,2.0
2.0,Mercedes,0.0,2.0,91.57,1.0
3.0,Ferrari,0.0,3.0,91.848,3.0
4.0,Ferrari,0.0,4.0,91.865,5.0
5.0,Red Bull,0.0,5.0,92.089,4.0
6.0,Red Bull,0.0,6.0,92.93,6.0
7.0,Renault,0.0,7.0,92.958,7.0
9.0,Haas F1 Team,0.0,9.0,93.15,13.0
10.0,Haas F1 Team,0.0,10.0,93.156,11.0
12.0,Racing Point,0.0,12.0,93.299,8.0
13.0,Alfa Romeo,0.0,13.0,93.419,9.0
14.0,McLaren,0.0,14.0,93.523,14.0
15.0,McLaren,0.0,15.0,93.967,18.0
16.0,Racing Point,0.0,16.0,94.292,12.0
17.0,Williams,0.0,17.0,95.253,16.0
18.0,Williams,0.0,18.0,95.281,17.0
1.0,Mercedes,0.0,1.0,100.495,1.0
2.0,Mercedes,0.0,2.0,100.554,2.0
3.0,Ferrari,0.0,3.0,100.797,3.0
4.0,Red Bull,0.0,4.0,101.069,4.0
5.0,Racing Point,0.0,5.0,101.593,6.0
7.0,McLaren,0.0,7.0,101.886,8.0
8.0,Alfa Romeo,9.0,17.0,102.424,12.0
9.0,Ferrari,-1.0,8.0,101.995,5.0
10.0,McLaren,-1.0,9.0,102.398,7.0
12.0,Toro Rosso,-1.0,11.0,102.494,11.0
13.0,Haas F1 Team,-1.0,12.0,102.699,13.0
14.0,Racing Point,-1.0,13.0,102.63,9.0
16.0,Renault,-1.0,15.0,103.42699999999999,14.0
17.0,Williams,-1.0,16.0,105.062,15.0
18.0,Williams,-18.0,0.0,105.455,16.0
19.0,Alfa Romeo,-19.0,0.0,84.536,10.0
1.0,Mercedes,0.0,1.0,75.406,2.0
2.0,Mercedes,0.0,2.0,76.03999999999999,1.0
3.0,Ferrari,0.0,3.0,76.27199999999999,4.0
4.0,Red Bull,0.0,4.0,76.357,3.0
5.0,Ferrari,0.0,5.0,76.588,5.0
6.0,Red Bull,0.0,6.0,76.708,6.0
7.0,Haas F1 Team,0.0,7.0,76.911,10.0
8.0,Haas F1 Team,0.0,8.0,76.922,7.0
9.0,Toro Rosso,0.0,9.0,77.57300000000001,9.0
10.0,Renault,3.0,13.0,78.106,12.0
12.0,Toro Rosso,-1.0,11.0,77.445,11.0
13.0,McLaren,-1.0,12.0,77.599,8.0
14.0,Alfa Romeo,0.0,14.0,77.788,14.0
15.0,Racing Point,0.0,15.0,77.886,15.0
16.0,Renault,-16.0,0.0,78.404,13.0
18.0,Alfa Romeo,0.0,18.0,78.664,16.0
19.0,Williams,0.0,19.0,79.072,17.0
20.0,Williams,-3.0,17.0,80.254,18.0
1.0,Mercedes,0.0,1.0,70.166,1.0
2.0,Mercedes,0.0,2.0,70.252,3.0
3.0,Red Bull,0.0,3.0,70.641,4.0
4.0,Ferrari,0.0,4.0,70.947,2.0
5.0,Red Bull,3.0,8.0,71.041,5.0
6.0,Haas F1 Team,-1.0,5.0,71.109,14.0
7.0,Renault,-1.0,6.0,71.218,9.0
8.0,Toro Rosso,-1.0,7.0,71.271,7.0
9.0,McLaren,0.0,9.0,71.417,6.0
10.0,Toro Rosso,0.0,10.0,71.653,8.0
11.0,Renault,0.0,11.0,71.67,13.0
12.0,McLaren,0.0,12.0,71.724,11.0
13.0,Haas F1 Team,0.0,13.0,72.027,10.0
14.0,Alfa Romeo,0.0,14.0,72.115,17.0
15.0,Alfa Romeo,3.0,18.0,72.185,19.0
17.0,Racing Point,-1.0,16.0,72.233,12.0
18.0,Racing Point,-1.0,17.0,72.846,16.0
19.0,Williams,0.0,19.0,73.477,15.0
20.0,Williams,0.0,20.0,73.751,18.0
1.0,Ferrari,0.0,1.0,70.24,2.0
2.0,Mercedes,0.0,2.0,70.446,1.0
3.0,Ferrari,0.0,3.0,70.92,3.0
4.0,Renault,0.0,4.0,71.071,6.0
5.0,Red Bull,0.0,5.0,71.07900000000001,8.0
6.0,Mercedes,0.0,6.0,71.101,4.0
7.0,Renault,0.0,7.0,71.324,7.0
9.0,McLaren,2.0,11.0,73.981,11.0
10.0,Haas F1 Team,-10.0,0.0,71.786,17.0
11.0,Red Bull,-2.0,9.0,71.8,5.0
12.0,Toro Rosso,-2.0,10.0,71.92099999999999,10.0
13.0,Alfa Romeo,-1.0,12.0,72.136,13.0
15.0,Haas F1 Team,-1.0,14.0,72.109,14.0
16.0,Racing Point,-1.0,15.0,72.197,12.0
17.0,Alfa Romeo,-1.0,16.0,72.23,15.0
18.0,Racing Point,-1.0,17.0,72.266,9.0
19.0,Williams,-1.0,18.0,73.617,16.0
20.0,Williams,-1.0,19.0,74.393,18.0
1.0,Mercedes,0.0,1.0,88.319,1.0
2.0,Mercedes,0.0,2.0,88.605,2.0
3.0,Ferrari,0.0,3.0,88.965,3.0
4.0,Red Bull,0.0,4.0,89.40899999999999,4.0
5.0,McLaren,0.0,5.0,89.418,9.0
6.0,McLaren,0.0,6.0,89.52199999999999,6.0
7.0,Ferrari,0.0,7.0,89.799,5.0
8.0,Renault,0.0,8.0,89.918,11.0
9.0,Red Bull,0.0,9.0,90.184,10.0
10.0,Alfa Romeo,0.0,10.0,93.42,16.0
11.0,Toro Rosso,0.0,11.0,90.461,15.0
12.0,Alfa Romeo,0.0,12.0,90.533,7.0
13.0,Renault,0.0,13.0,90.544,8.0
14.0,Racing Point,0.0,14.0,90.738,12.0
15.0,Haas F1 Team,0.0,15.0,91.44,17.0
16.0,Toro Rosso,3.0,19.0,91.564,14.0
17.0,Haas F1 Team,-1.0,16.0,91.626,20.0
18.0,Racing Point,-1.0,17.0,91.726,13.0
19.0,Williams,1.0,20.0,92.789,19.0
20.0,Williams,-2.0,18.0,93.205,18.0
1.0,Ferrari,0.0,1.0,63.003,2.0
2.0,Mercedes,2.0,4.0,63.262,5.0
3.0,Red Bull,-1.0,2.0,63.439,1.0
4.0,Mercedes,-1.0,3.0,63.537,3.0
5.0,Haas F1 Team,5.0,10.0,64.072,19.0
6.0,McLaren,-1.0,5.0,64.099,6.0
7.0,Alfa Romeo,-1.0,6.0,64.166,9.0
8.0,Alfa Romeo,-1.0,7.0,64.179,10.0
9.0,Red Bull,-1.0,8.0,64.199,7.0
10.0,Ferrari,-1.0,9.0,63.667,4.0
11.0,Haas F1 Team,0.0,11.0,64.49,16.0
12.0,Renault,3.0,15.0,64.516,13.0
13.0,Toro Rosso,5.0,18.0,64.665,15.0
14.0,Renault,-2.0,12.0,64.79,12.0
15.0,McLaren,4.0,19.0,73.601,8.0
16.0,Racing Point,-3.0,13.0,64.789,11.0
17.0,Racing Point,-3.0,14.0,64.832,14.0
18.0,Toro Rosso,-2.0,16.0,65.324,17.0
19.0,Williams,-19.0,0.0,65.904,18.0
20.0,Williams,-3.0,17.0,66.206,20.0
1.0,Mercedes,0.0,1.0,85.093,2.0
2.0,Mercedes,0.0,2.0,85.099,1.0
3.0,Ferrari,0.0,3.0,85.172,3.0
4.0,Red Bull,0.0,4.0,85.276,5.0
5.0,Red Bull,0.0,5.0,85.59,4.0
6.0,Ferrari,0.0,6.0,85.787,16.0
7.0,Renault,0.0,7.0,86.182,7.0
8.0,McLaren,0.0,8.0,86.224,11.0
9.0,Toro Rosso,0.0,9.0,86.345,12.0
10.0,Renault,0.0,10.0,86.386,10.0
12.0,Alfa Romeo,0.0,12.0,86.54599999999999,8.0
13.0,McLaren,0.0,13.0,86.578,6.0
15.0,Racing Point,0.0,15.0,86.928,17.0
17.0,Toro Rosso,0.0,17.0,86.721,9.0
18.0,Racing Point,0.0,18.0,86.762,13.0
19.0,Williams,0.0,19.0,87.789,14.0
20.0,Williams,0.0,20.0,88.257,15.0
1.0,Mercedes,0.0,1.0,71.767,9.0
2.0,Red Bull,0.0,2.0,72.113,1.0
4.0,Red Bull,0.0,4.0,72.522,14.0
5.0,Alfa Romeo,0.0,5.0,72.538,12.0
6.0,Haas F1 Team,0.0,6.0,72.851,7.0
7.0,McLaren,0.0,7.0,72.897,5.0
11.0,Alfa Romeo,0.0,11.0,72.786,13.0
12.0,Haas F1 Team,0.0,12.0,72.789,8.0
14.0,Toro Rosso,0.0,14.0,73.135,3.0
15.0,Racing Point,0.0,15.0,73.45,4.0
17.0,Toro Rosso,-1.0,16.0,73.461,6.0
18.0,Williams,-1.0,17.0,74.721,11.0
19.0,Williams,-1.0,18.0,74.839,10.0
20.0,Ferrari,0.0,20.0,84.536,2.0
1.0,Red Bull,0.0,1.0,74.572,2.0
2.0,Mercedes,0.0,2.0,74.59,8.0
3.0,Mercedes,0.0,3.0,74.769,1.0
4.0,Ferrari,0.0,4.0,75.043,4.0
5.0,Ferrari,0.0,5.0,75.071,3.0
6.0,Red Bull,0.0,6.0,75.45,6.0
7.0,McLaren,0.0,7.0,75.8,9.0
8.0,McLaren,0.0,8.0,75.852,5.0
10.0,Alfa Romeo,0.0,10.0,76.041,7.0
11.0,Renault,0.0,11.0,76.565,12.0
12.0,Toro Rosso,0.0,12.0,76.687,10.0
13.0,Toro Rosso,0.0,13.0,76.69200000000001,15.0
14.0,Alfa Romeo,3.0,17.0,76.804,18.0
15.0,Haas F1 Team,-1.0,14.0,77.081,13.0
16.0,Williams,-1.0,15.0,77.031,16.0
17.0,Racing Point,-1.0,16.0,77.10900000000001,11.0
18.0,Renault,2.0,20.0,77.257,14.0
19.0,Racing Point,-1.0,18.0,77.542,17.0
20.0,Williams,-1.0,19.0,78.324,19.0
1.0,Ferrari,0.0,1.0,102.519,1.0
2.0,Ferrari,0.0,2.0,103.267,4.0
3.0,Mercedes,0.0,3.0,103.282,2.0
4.0,Mercedes,0.0,4.0,103.41499999999999,3.0
6.0,Renault,4.0,10.0,104.257,14.0
7.0,Renault,5.0,12.0,104.542,8.0
8.0,Alfa Romeo,-2.0,6.0,104.557,16.0
9.0,Racing Point,-2.0,7.0,104.706,6.0
10.0,Haas F1 Team,-2.0,8.0,105.086,12.0
11.0,Haas F1 Team,-2.0,9.0,104.797,13.0
12.0,McLaren,-1.0,11.0,104.84700000000001,11.0
13.0,Racing Point,3.0,16.0,105.047,10.0
14.0,Red Bull,3.0,17.0,105.799,5.0
15.0,Alfa Romeo,3.0,18.0,105.637,18.0
16.0,Toro Rosso,-3.0,13.0,106.435,9.0
18.0,Toro Rosso,1.0,19.0,106.518,7.0
19.0,Williams,-5.0,14.0,107.548,15.0
20.0,Williams,-20.0,0.0,84.536,17.0
1.0,Ferrari,0.0,1.0,79.307,1.0
2.0,Mercedes,0.0,2.0,79.346,3.0
3.0,Mercedes,0.0,3.0,79.354,2.0
4.0,Ferrari,0.0,4.0,79.457,13.0
5.0,Renault,0.0,5.0,79.839,4.0
6.0,Renault,0.0,6.0,80.049,5.0
8.0,Red Bull,0.0,8.0,80.021,6.0
9.0,Racing Point,0.0,9.0,80.498,12.0
10.0,Alfa Romeo,-10.0,0.0,80.515,15.0
11.0,Alfa Romeo,-1.0,10.0,80.517,9.0
14.0,McLaren,2.0,16.0,81.068,10.0
15.0,Toro Rosso,2.0,17.0,81.125,11.0
16.0,Haas F1 Team,-3.0,13.0,80.78399999999999,16.0
17.0,Racing Point,1.0,18.0,81.291,7.0
18.0,Williams,-4.0,14.0,81.8,14.0
19.0,Williams,-4.0,15.0,82.356,17.0
20.0,Red Bull,-1.0,19.0,84.536,8.0
1.0,Ferrari,0.0,1.0,96.217,2.0
2.0,Mercedes,0.0,2.0,96.408,4.0
3.0,Ferrari,0.0,3.0,96.437,1.0
4.0,Red Bull,0.0,4.0,96.813,3.0
5.0,Mercedes,0.0,5.0,97.146,5.0
6.0,Red Bull,0.0,6.0,97.411,6.0
7.0,McLaren,0.0,7.0,97.818,12.0
8.0,Renault,0.0,8.0,98.26400000000001,9.0
9.0,McLaren,0.0,9.0,98.32900000000001,7.0
11.0,Alfa Romeo,-1.0,10.0,98.697,10.0
12.0,Toro Rosso,-1.0,11.0,98.699,8.0
14.0,Haas F1 Team,-1.0,13.0,99.65,17.0
15.0,Toro Rosso,-1.0,14.0,99.957,15.0
16.0,Racing Point,0.0,16.0,99.979,13.0
17.0,Haas F1 Team,0.0,17.0,100.277,11.0
19.0,Williams,0.0,19.0,101.186,16.0
20.0,Renault,0.0,20.0,84.536,14.0
1.0,Ferrari,0.0,1.0,91.628,3.0
2.0,Mercedes,0.0,2.0,92.03,1.0
4.0,Red Bull,5.0,9.0,92.31,4.0
5.0,Mercedes,-1.0,4.0,92.632,2.0
6.0,McLaren,-1.0,5.0,93.22200000000001,6.0
7.0,Renault,-1.0,6.0,93.289,10.0
8.0,McLaren,-1.0,7.0,93.301,8.0
11.0,Toro Rosso,5.0,16.0,93.95,14.0
12.0,Racing Point,-1.0,11.0,93.958,7.0
13.0,Alfa Romeo,-1.0,12.0,94.037,15.0
14.0,Haas F1 Team,-1.0,13.0,94.082,9.0
15.0,Racing Point,-1.0,14.0,94.233,11.0
16.0,Alfa Romeo,-1.0,15.0,94.84,13.0
19.0,Red Bull,-19.0,0.0,99.197,5.0
20.0,Toro Rosso,-1.0,19.0,99.544,12.0
1.0,Ferrari,0.0,1.0,87.064,2.0
2.0,Ferrari,0.0,2.0,87.253,6.0
3.0,Mercedes,0.0,3.0,87.293,1.0
4.0,Mercedes,0.0,4.0,87.30199999999999,3.0
6.0,Red Bull,0.0,6.0,87.851,4.0
7.0,McLaren,0.0,7.0,88.304,5.0
8.0,McLaren,0.0,8.0,88.464,11.0
9.0,Toro Rosso,0.0,9.0,88.836,7.0
10.0,Haas F1 Team,0.0,10.0,89.34100000000001,13.0
11.0,Alfa Romeo,0.0,11.0,89.254,14.0
12.0,Racing Point,0.0,12.0,89.345,9.0
13.0,Alfa Romeo,0.0,13.0,89.358,12.0
14.0,Toro Rosso,0.0,14.0,89.563,10.0
17.0,Racing Point,0.0,17.0,90.344,8.0
18.0,Williams,0.0,18.0,90.364,16.0
19.0,Haas F1 Team,0.0,19.0,84.536,15.0
20.0,Williams,-20.0,0.0,84.536,17.0
1.0,Red Bull,3.0,4.0,74.758,6.0
2.0,Ferrari,-1.0,1.0,75.024,4.0
3.0,Ferrari,-1.0,2.0,75.17,2.0
4.0,Mercedes,-1.0,3.0,75.262,1.0
5.0,Red Bull,0.0,5.0,75.336,5.0
6.0,Mercedes,0.0,6.0,75.338,3.0
7.0,McLaren,0.0,7.0,76.014,13.0
9.0,Toro Rosso,0.0,9.0,76.469,11.0
10.0,Toro Rosso,0.0,10.0,76.586,9.0
11.0,Racing Point,0.0,11.0,76.687,7.0
12.0,Renault,0.0,12.0,76.885,10.0
13.0,Renault,0.0,13.0,76.93299999999999,8.0
15.0,Alfa Romeo,0.0,15.0,77.269,14.0
16.0,Racing Point,0.0,16.0,78.065,12.0
17.0,Haas F1 Team,0.0,17.0,78.436,15.0
18.0,Haas F1 Team,0.0,18.0,78.599,17.0
19.0,Williams,0.0,19.0,78.82300000000001,16.0
20.0,Williams,0.0,20.0,80.179,18.0
1.0,Mercedes,0.0,1.0,92.029,1.0
3.0,Red Bull,0.0,3.0,92.096,3.0
4.0,Ferrari,0.0,4.0,92.137,4.0
5.0,Mercedes,0.0,5.0,92.321,2.0
6.0,Red Bull,0.0,6.0,92.548,5.0
7.0,McLaren,0.0,7.0,92.84700000000001,8.0
8.0,McLaren,0.0,8.0,93.175,7.0
9.0,Renault,0.0,9.0,93.488,6.0
10.0,Toro Rosso,0.0,10.0,93.601,16.0
11.0,Renault,0.0,11.0,93.815,9.0
12.0,Haas F1 Team,0.0,12.0,93.979,18.0
13.0,Toro Rosso,0.0,13.0,93.989,12.0
14.0,Racing Point,0.0,14.0,94.1,13.0
15.0,Haas F1 Team,0.0,15.0,94.158,15.0
16.0,Alfa Romeo,0.0,16.0,94.226,14.0
17.0,Alfa Romeo,0.0,17.0,94.369,11.0
18.0,Williams,0.0,18.0,95.372,17.0
19.0,Racing Point,-19.0,0.0,95.80799999999999,10.0
1.0,Red Bull,0.0,1.0,67.508,1.0
2.0,Ferrari,0.0,2.0,67.631,17.0
3.0,Mercedes,0.0,3.0,67.699,7.0
4.0,Ferrari,10.0,14.0,67.728,18.0
6.0,Red Bull,-1.0,5.0,67.935,14.0
7.0,Toro Rosso,-1.0,6.0,68.837,2.0
8.0,Haas F1 Team,-1.0,7.0,68.854,13.0
9.0,Alfa Romeo,-1.0,8.0,68.984,4.0
10.0,Haas F1 Team,-1.0,9.0,69.037,11.0
11.0,McLaren,-1.0,10.0,68.868,8.0
12.0,Renault,-1.0,11.0,68.903,6.0
13.0,Alfa Romeo,-1.0,12.0,68.919,5.0
14.0,Renault,-1.0,13.0,68.92099999999999,15.0
15.0,Racing Point,0.0,15.0,69.035,9.0
16.0,Toro Rosso,0.0,16.0,69.32,10.0
17.0,Racing Point,0.0,17.0,69.536,19.0
18.0,Williams,0.0,18.0,70.126,12.0
19.0,Williams,0.0,19.0,70.614,16.0
20.0,McLaren,0.0,20.0,84.536,3.0
1.0,Mercedes,0.0,1.0,94.779,1.0
2.0,Mercedes,18.0,20.0,94.973,4.0
3.0,Red Bull,-1.0,2.0,95.13900000000001,2.0
4.0,Ferrari,-1.0,3.0,95.219,3.0
5.0,Ferrari,-1.0,4.0,95.339,5.0
6.0,Red Bull,-1.0,5.0,95.682,6.0
7.0,McLaren,-1.0,6.0,96.436,8.0
8.0,Renault,-1.0,7.0,96.456,11.0
9.0,McLaren,-1.0,8.0,96.459,10.0
10.0,Renault,-1.0,9.0,96.71000000000001,12.0
11.0,Racing Point,-1.0,10.0,97.055,7.0
12.0,Toro Rosso,-1.0,11.0,97.089,18.0
14.0,Toro Rosso,-1.0,13.0,97.14099999999999,9.0
15.0,Haas F1 Team,-1.0,14.0,97.25399999999999,14.0
16.0,Haas F1 Team,-1.0,15.0,98.051,15.0
17.0,Alfa Romeo,-1.0,16.0,98.114,16.0
18.0,Alfa Romeo,-1.0,17.0,98.38300000000001,13.0
19.0,Williams,-1.0,18.0,98.717,17.0
20.0,Williams,-1.0,19.0,99.23599999999999,19.0
1.0,Mercedes,0.0,1.0,62.939,1.0
2.0,Mercedes,3.0,5.0,62.951,4.0
4.0,McLaren,-1.0,3.0,63.626,3.0
5.0,Red Bull,-1.0,4.0,63.868,13.0
6.0,Racing Point,0.0,6.0,63.868,6.0
7.0,Ferrari,0.0,7.0,63.923,2.0
8.0,McLaren,0.0,8.0,63.971000000000004,5.0
11.0,Ferrari,0.0,11.0,64.206,10.0
12.0,AlphaTauri,0.0,12.0,64.305,7.0
13.0,AlphaTauri,0.0,13.0,64.431,12.0
14.0,Renault,0.0,14.0,64.643,8.0
18.0,Alfa Romeo,0.0,18.0,65.175,9.0
20.0,Williams,0.0,20.0,65.757,11.0
1.0,Mercedes,0.0,1.0,79.273,1.0
2.0,Red Bull,0.0,2.0,80.489,3.0
3.0,McLaren,0.0,3.0,80.67099999999999,9.0
4.0,Mercedes,0.0,4.0,80.701,2.0
6.0,McLaren,3.0,9.0,80.925,5.0
7.0,Red Bull,-1.0,6.0,81.011,4.0
8.0,AlphaTauri,-1.0,7.0,81.02799999999999,15.0
9.0,Renault,-1.0,8.0,81.19200000000001,8.0
12.0,Williams,-1.0,11.0,79.636,16.0
13.0,Racing Point,-1.0,12.0,79.645,7.0
14.0,AlphaTauri,-1.0,13.0,79.717,10.0
15.0,Haas F1 Team,0.0,15.0,80.211,12.0
16.0,Alfa Romeo,0.0,16.0,81.14,11.0
17.0,Racing Point,0.0,17.0,81.607,6.0
18.0,Williams,0.0,18.0,81.759,17.0
19.0,Alfa Romeo,0.0,19.0,81.831,14.0
20.0,Haas F1 Team,-20.0,0.0,84.536,13.0
2.0,Mercedes,0.0,2.0,73.554,3.0
3.0,Racing Point,0.0,3.0,74.377,4.0
4.0,Racing Point,0.0,4.0,74.545,7.0
5.0,Ferrari,0.0,5.0,74.774,6.0
6.0,Ferrari,0.0,6.0,74.81700000000001,11.0
7.0,Red Bull,0.0,7.0,74.849,2.0
8.0,McLaren,0.0,8.0,74.966,13.0
9.0,McLaren,0.0,9.0,75.027,9.0
11.0,Renault,0.0,11.0,75.661,8.0
12.0,Williams,0.0,12.0,75.69800000000001,18.0
13.0,Red Bull,0.0,13.0,75.715,5.0
14.0,Renault,0.0,14.0,75.742,14.0
15.0,Williams,0.0,15.0,76.544,19.0
16.0,Haas F1 Team,-16.0,0.0,76.152,10.0
17.0,AlphaTauri,0.0,17.0,76.20400000000001,12.0
18.0,Haas F1 Team,-18.0,0.0,76.407,16.0
19.0,Alfa Romeo,0.0,19.0,76.506,17.0
20.0,Alfa Romeo,0.0,20.0,76.614,15.0
1.0,Mercedes,0.0,1.0,73.447,1.0
1.0,Mercedes,0.0,1.0,84.303,1.0
2.0,Mercedes,0.0,2.0,84.616,11.0
3.0,Red Bull,0.0,3.0,85.325,2.0
4.0,Ferrari,0.0,4.0,85.42699999999999,3.0
5.0,McLaren,0.0,5.0,85.782,5.0
6.0,Racing Point,0.0,6.0,85.839,9.0
7.0,McLaren,0.0,7.0,85.965,13.0
8.0,Renault,0.0,8.0,86.009,4.0
9.0,Renault,0.0,9.0,86.209,6.0
10.0,Ferrari,0.0,10.0,86.339,10.0
11.0,AlphaTauri,0.0,11.0,86.501,7.0
12.0,Red Bull,0.0,12.0,86.545,8.0
15.0,Williams,5.0,20.0,87.092,12.0
17.0,Alfa Romeo,-2.0,15.0,87.164,14.0
18.0,Alfa Romeo,-2.0,16.0,87.366,17.0
19.0,Haas F1 Team,-2.0,17.0,87.643,16.0
20.0,Williams,-2.0,18.0,87.705,15.0
1.0,Mercedes,0.0,1.0,85.154,3.0
2.0,Mercedes,0.0,2.0,85.217,2.0
3.0,Racing Point,0.0,3.0,86.082,7.0
4.0,Red Bull,0.0,4.0,86.176,1.0
5.0,Renault,0.0,5.0,86.297,14.0
6.0,Racing Point,0.0,6.0,86.428,6.0
7.0,AlphaTauri,0.0,7.0,86.53399999999999,11.0
8.0,Ferrari,0.0,8.0,86.614,4.0
9.0,Red Bull,0.0,9.0,86.669,5.0
10.0,McLaren,0.0,10.0,86.77799999999999,9.0
11.0,Renault,3.0,14.0,87.011,8.0
12.0,Ferrari,-1.0,11.0,87.078,12.0
13.0,McLaren,-1.0,12.0,87.083,13.0
14.0,Haas F1 Team,-1.0,13.0,87.254,16.0
15.0,Williams,0.0,15.0,87.455,18.0
16.0,AlphaTauri,0.0,16.0,87.882,10.0
18.0,Williams,0.0,18.0,88.43,19.0
19.0,Alfa Romeo,0.0,19.0,88.43299999999999,17.0
20.0,Alfa Romeo,0.0,20.0,88.493,15.0
1.0,Mercedes,0.0,1.0,75.584,1.0
2.0,Mercedes,0.0,2.0,75.643,3.0
3.0,Red Bull,0.0,3.0,76.292,2.0
4.0,Racing Point,0.0,4.0,76.482,5.0
5.0,Racing Point,0.0,5.0,76.589,4.0
6.0,Red Bull,0.0,6.0,77.029,8.0
7.0,McLaren,0.0,7.0,77.044,6.0
8.0,McLaren,0.0,8.0,77.084,10.0
10.0,AlphaTauri,0.0,10.0,77.136,9.0
11.0,Ferrari,0.0,11.0,77.168,7.0
12.0,AlphaTauri,0.0,12.0,77.19200000000001,12.0
13.0,Renault,0.0,13.0,77.19800000000001,11.0
14.0,Alfa Romeo,0.0,14.0,77.386,14.0
15.0,Renault,0.0,15.0,77.56700000000001,13.0
16.0,Haas F1 Team,0.0,16.0,77.908,15.0
17.0,Haas F1 Team,0.0,17.0,78.089,19.0
18.0,Williams,0.0,18.0,78.099,17.0
19.0,Williams,0.0,19.0,78.532,18.0
20.0,Alfa Romeo,0.0,20.0,78.697,16.0
1.0,Mercedes,0.0,1.0,101.25200000000001,1.0
2.0,Mercedes,0.0,2.0,101.763,2.0
3.0,Red Bull,0.0,3.0,101.77799999999999,3.0
4.0,Renault,0.0,4.0,102.061,4.0
5.0,Red Bull,0.0,5.0,102.26400000000001,6.0
6.0,Renault,0.0,6.0,102.396,5.0
8.0,Racing Point,0.0,8.0,102.532,10.0
9.0,Racing Point,0.0,9.0,102.60300000000001,9.0
10.0,McLaren,0.0,10.0,102.657,7.0
11.0,AlphaTauri,0.0,11.0,102.72999999999999,11.0
12.0,AlphaTauri,0.0,12.0,102.745,8.0
13.0,Ferrari,0.0,13.0,102.99600000000001,14.0
14.0,Ferrari,0.0,14.0,103.261,13.0
16.0,Alfa Romeo,0.0,16.0,103.743,12.0
17.0,Haas F1 Team,0.0,17.0,103.838,15.0
19.0,Williams,0.0,19.0,104.138,16.0
20.0,Haas F1 Team,0.0,20.0,104.314,17.0
1.0,Mercedes,0.0,1.0,78.887,7.0
2.0,Mercedes,0.0,2.0,78.956,5.0
3.0,McLaren,0.0,3.0,79.695,2.0
4.0,Racing Point,0.0,4.0,79.72,10.0
6.0,McLaren,0.0,6.0,79.82,4.0
7.0,Renault,0.0,7.0,79.864,6.0
8.0,Racing Point,0.0,8.0,80.049,3.0
9.0,Red Bull,0.0,9.0,80.09,15.0
10.0,AlphaTauri,0.0,10.0,80.17699999999999,1.0
11.0,AlphaTauri,0.0,11.0,80.169,9.0
12.0,Renault,0.0,12.0,80.23400000000001,8.0
14.0,Alfa Romeo,0.0,14.0,80.926,13.0
16.0,Haas F1 Team,0.0,16.0,81.139,12.0
18.0,Alfa Romeo,0.0,18.0,81.206,16.0
19.0,Williams,0.0,19.0,81.587,14.0
20.0,Williams,0.0,20.0,81.717,11.0
1.0,Mercedes,0.0,1.0,75.144,1.0
2.0,Mercedes,0.0,2.0,75.203,2.0
4.0,Red Bull,0.0,4.0,75.95400000000001,3.0
5.0,Ferrari,0.0,5.0,76.27,8.0
6.0,Racing Point,1.0,7.0,76.311,5.0
8.0,Renault,0.0,8.0,76.543,4.0
11.0,McLaren,0.0,11.0,76.64,6.0
12.0,AlphaTauri,0.0,12.0,76.854,7.0
13.0,Alfa Romeo,0.0,13.0,76.854,9.0
14.0,Ferrari,0.0,14.0,76.858,10.0
15.0,Haas F1 Team,0.0,15.0,77.254,12.0
18.0,Williams,0.0,18.0,77.232,11.0
1.0,Mercedes,0.0,1.0,91.304,3.0
2.0,Red Bull,0.0,2.0,91.867,2.0
3.0,Mercedes,0.0,3.0,91.956,1.0
4.0,Racing Point,0.0,4.0,92.31700000000001,4.0
5.0,Renault,0.0,5.0,92.364,5.0
7.0,Renault,0.0,7.0,92.624,7.0
8.0,McLaren,0.0,8.0,92.84700000000001,15.0
9.0,AlphaTauri,0.0,9.0,93.0,9.0
10.0,Red Bull,5.0,15.0,93.00800000000001,10.0
11.0,Ferrari,-1.0,10.0,93.239,6.0
12.0,AlphaTauri,-1.0,11.0,93.249,8.0
14.0,Williams,-1.0,13.0,93.583,18.0
15.0,Ferrari,-1.0,14.0,93.60900000000001,13.0
16.0,Haas F1 Team,0.0,16.0,94.592,17.0
17.0,Alfa Romeo,0.0,17.0,94.594,11.0
18.0,Haas F1 Team,0.0,18.0,94.681,12.0
19.0,Williams,1.0,20.0,95.066,16.0
20.0,Alfa Romeo,-1.0,19.0,95.267,14.0
2.0,Mercedes,0.0,2.0,85.525,1.0
3.0,Red Bull,0.0,3.0,85.562,2.0
4.0,Ferrari,0.0,4.0,86.035,7.0
6.0,Renault,0.0,6.0,86.223,3.0
9.0,Racing Point,0.0,9.0,86.70400000000001,4.0
10.0,McLaren,0.0,10.0,86.709,5.0
11.0,Ferrari,0.0,11.0,86.738,11.0
12.0,AlphaTauri,0.0,12.0,86.776,6.0
13.0,AlphaTauri,0.0,13.0,86.848,15.0
14.0,Alfa Romeo,0.0,14.0,86.936,10.0
15.0,Haas F1 Team,0.0,15.0,87.125,13.0
16.0,Haas F1 Team,0.0,16.0,87.55199999999999,9.0
18.0,Williams,0.0,18.0,87.812,14.0
19.0,Alfa Romeo,0.0,19.0,87.81700000000001,12.0
20.0,Racing Point,0.0,20.0,88.021,8.0
11.0,Renault,0.0,11.0,77.614,8.0
10.0,Renault,0.0,10.0,77.481,9.0
9.0,AlphaTauri,0.0,9.0,77.803,5.0
8.0,McLaren,0.0,8.0,77.525,13.0
7.0,McLaren,0.0,7.0,77.52,6.0
6.0,Red Bull,0.0,6.0,77.437,12.0
5.0,Racing Point,0.0,5.0,77.223,7.0
4.0,Ferrari,0.0,4.0,77.09,4.0
3.0,Red Bull,0.0,3.0,76.904,3.0
2.0,Mercedes,0.0,2.0,76.754,2.0
1.0,Mercedes,0.0,1.0,76.652,1.0
13.0,AlphaTauri,0.0,13.0,77.72800000000001,19.0
14.0,Williams,0.0,14.0,77.788,14.0
15.0,Ferrari,0.0,15.0,77.919,10.0
16.0,Alfa Romeo,0.0,16.0,78.201,11.0
17.0,Alfa Romeo,0.0,17.0,78.32300000000001,15.0
18.0,Haas F1 Team,0.0,18.0,78.364,17.0
19.0,Haas F1 Team,0.0,19.0,78.508,16.0
20.0,Williams,0.0,20.0,78.777,18.0
1.0,Mercedes,0.0,1.0,73.609,2.0
2.0,Mercedes,0.0,2.0,73.706,1.0
5.0,Renault,0.0,5.0,74.52,3.0
6.0,Red Bull,0.0,6.0,74.572,15.0
7.0,Ferrari,0.0,7.0,74.616,5.0
8.0,AlphaTauri,0.0,8.0,74.696,4.0
9.0,McLaren,0.0,9.0,74.814,8.0
10.0,McLaren,0.0,10.0,74.911,7.0
11.0,Racing Point,0.0,11.0,75.061,6.0
14.0,Ferrari,0.0,14.0,75.385,12.0
15.0,Racing Point,0.0,15.0,75.494,13.0
16.0,Haas F1 Team,0.0,16.0,75.918,14.0
18.0,Alfa Romeo,0.0,18.0,75.953,9.0
19.0,Williams,0.0,19.0,75.987,11.0
20.0,Alfa Romeo,0.0,20.0,76.208,10.0
1.0,Racing Point,0.0,1.0,107.765,9.0
2.0,Red Bull,0.0,2.0,108.055,6.0
3.0,Racing Point,0.0,3.0,109.321,2.0
4.0,Red Bull,0.0,4.0,110.44800000000001,7.0
5.0,Renault,0.0,5.0,111.595,10.0
6.0,Mercedes,0.0,6.0,112.56,1.0
7.0,Renault,0.0,7.0,112.622,11.0
8.0,Alfa Romeo,0.0,8.0,112.745,15.0
9.0,Mercedes,0.0,9.0,113.25800000000001,14.0
11.0,McLaren,3.0,14.0,114.945,8.0
12.0,Ferrari,-1.0,11.0,115.169,3.0
13.0,McLaren,2.0,15.0,115.41,5.0
14.0,Ferrari,-2.0,12.0,116.696,4.0
15.0,AlphaTauri,4.0,19.0,118.556,13.0
16.0,Haas F1 Team,-3.0,13.0,128.007,17.0
17.0,AlphaTauri,-1.0,16.0,129.07,12.0
18.0,Williams,-18.0,0.0,130.017,16.0
1.0,Mercedes,0.0,1.0,87.264,1.0
2.0,Mercedes,0.0,2.0,87.553,8.0
3.0,Red Bull,0.0,3.0,87.678,2.0
4.0,Red Bull,0.0,4.0,88.274,3.0
5.0,Racing Point,0.0,5.0,88.322,18.0
6.0,Renault,0.0,6.0,88.417,7.0
7.0,Renault,0.0,7.0,88.419,9.0
8.0,AlphaTauri,0.0,8.0,88.44800000000001,6.0
9.0,McLaren,0.0,9.0,88.542,4.0
10.0,AlphaTauri,0.0,10.0,88.618,11.0
11.0,Ferrari,0.0,11.0,89.149,13.0
12.0,Ferrari,0.0,12.0,89.16499999999999,10.0
14.0,Williams,0.0,14.0,91.218,12.0
15.0,McLaren,0.0,15.0,88.975,5.0
16.0,Alfa Romeo,0.0,16.0,89.491,16.0
17.0,Alfa Romeo,0.0,17.0,89.81,15.0
18.0,Haas F1 Team,0.0,18.0,90.111,17.0
20.0,Williams,0.0,20.0,90.182,14.0
1.0,Mercedes,0.0,1.0,53.377,8.0
2.0,Mercedes,0.0,2.0,53.403,9.0
5.0,Racing Point,0.0,5.0,53.79,1.0
6.0,AlphaTauri,0.0,6.0,53.906,7.0
7.0,Renault,0.0,7.0,53.957,5.0
8.0,McLaren,0.0,8.0,54.01,4.0
9.0,AlphaTauri,0.0,9.0,54.154,11.0
10.0,Racing Point,0.0,10.0,54.2,3.0
11.0,Renault,0.0,11.0,53.995,2.0
12.0,Red Bull,0.0,12.0,54.026,6.0
13.0,Ferrari,0.0,13.0,54.175,12.0
14.0,Alfa Romeo,0.0,14.0,54.377,13.0
15.0,McLaren,4.0,19.0,54.693,10.0
16.0,Haas F1 Team,-1.0,15.0,54.705,15.0
18.0,Williams,-1.0,17.0,54.892,16.0
19.0,Alfa Romeo,-1.0,18.0,54.963,14.0
20.0,Haas F1 Team,0.0,20.0,55.426,17.0
1.0,Red Bull,0.0,1.0,95.24600000000001,1.0
2.0,Mercedes,0.0,2.0,95.271,2.0
3.0,Mercedes,0.0,3.0,95.332,3.0
4.0,McLaren,0.0,4.0,95.497,5.0
5.0,Red Bull,0.0,5.0,95.571,4.0
6.0,McLaren,0.0,6.0,95.815,6.0
7.0,AlphaTauri,0.0,7.0,95.963,11.0
8.0,Racing Point,0.0,8.0,96.04599999999999,10.0
9.0,Ferrari,3.0,12.0,96.065,13.0
10.0,AlphaTauri,-1.0,9.0,96.24199999999999,8.0
11.0,Renault,-1.0,10.0,96.35900000000001,9.0
12.0,Renault,-1.0,11.0,96.406,7.0
13.0,Ferrari,0.0,13.0,96.631,14.0
14.0,Alfa Romeo,0.0,14.0,98.24799999999999,16.0
16.0,Alfa Romeo,-1.0,15.0,97.555,12.0
17.0,Haas F1 Team,3.0,20.0,97.863,18.0
18.0,Williams,-2.0,16.0,98.045,15.0
19.0,Haas F1 Team,-2.0,17.0,98.173,19.0
20.0,Williams,-2.0,18.0,98.443,17.0
1.0,Red Bull,0.0,1.0,88.997,2.0
2.0,Mercedes,0.0,2.0,89.385,1.0
3.0,Mercedes,0.0,3.0,89.586,3.0
4.0,Ferrari,0.0,4.0,89.678,6.0
5.0,AlphaTauri,0.0,5.0,89.809,17.0
6.0,McLaren,0.0,6.0,89.92699999999999,7.0
7.0,McLaren,0.0,7.0,89.974,4.0
8.0,Ferrari,0.0,8.0,90.215,8.0
10.0,Aston Martin,0.0,10.0,90.601,10.0
11.0,Red Bull,-11.0,0.0,90.65899999999999,5.0
12.0,Alfa Romeo,0.0,12.0,90.708,12.0
13.0,AlphaTauri,0.0,13.0,91.203,9.0
14.0,Alfa Romeo,0.0,14.0,91.238,11.0
15.0,Williams,0.0,15.0,93.43,14.0
16.0,Alpine F1 Team,0.0,16.0,91.724,13.0
17.0,Williams,0.0,17.0,91.936,18.0
18.0,Aston Martin,2.0,20.0,92.056,15.0
19.0,Haas F1 Team,-1.0,18.0,92.449,16.0
1.0,Mercedes,0.0,1.0,74.411,2.0
2.0,Red Bull,0.0,2.0,74.446,11.0
3.0,Red Bull,0.0,3.0,74.498,1.0
4.0,Ferrari,0.0,4.0,74.74,4.0
5.0,AlphaTauri,0.0,5.0,74.78999999999999,7.0
6.0,McLaren,0.0,6.0,74.826,6.0
7.0,McLaren,0.0,7.0,74.875,3.0
9.0,Alpine F1 Team,0.0,9.0,75.21000000000001,9.0
10.0,Aston Martin,0.0,10.0,75.138,8.0
11.0,Ferrari,0.0,11.0,75.199,5.0
13.0,Aston Martin,-13.0,0.0,75.394,15.0
15.0,Alpine F1 Team,0.0,15.0,75.593,10.0
16.0,Alfa Romeo,0.0,16.0,75.974,13.0
17.0,Alfa Romeo,0.0,17.0,76.122,14.0
18.0,Haas F1 Team,0.0,18.0,76.279,16.0
19.0,Haas F1 Team,0.0,19.0,76.797,17.0
20.0,AlphaTauri,0.0,20.0,84.536,12.0
1.0,Mercedes,0.0,1.0,78.348,3.0
2.0,Mercedes,0.0,2.0,78.355,1.0
3.0,Red Bull,0.0,3.0,78.746,2.0
4.0,Red Bull,0.0,4.0,78.89,4.0
5.0,Ferrari,0.0,5.0,79.039,11.0
6.0,Alpine F1 Team,0.0,6.0,79.042,7.0
7.0,McLaren,0.0,7.0,79.116,5.0
8.0,Ferrari,0.0,8.0,79.306,6.0
9.0,AlphaTauri,0.0,9.0,79.475,10.0
10.0,Aston Martin,0.0,10.0,79.65899999999999,13.0
11.0,Williams,0.0,11.0,79.10900000000001,16.0
12.0,Alfa Romeo,0.0,12.0,79.21600000000001,12.0
13.0,Alpine F1 Team,0.0,13.0,79.456,8.0
14.0,AlphaTauri,0.0,14.0,79.463,15.0
16.0,McLaren,0.0,16.0,79.839,9.0
17.0,Aston Martin,0.0,17.0,79.913,14.0
18.0,Williams,0.0,18.0,80.285,18.0
19.0,Haas F1 Team,0.0,19.0,80.452,17.0
20.0,Haas F1 Team,0.0,20.0,80.912,19.0
1.0,Mercedes,0.0,1.0,76.741,1.0
2.0,Red Bull,0.0,2.0,76.777,2.0
3.0,Mercedes,0.0,3.0,76.873,3.0
4.0,Ferrari,0.0,4.0,77.51,4.0
5.0,Alpine F1 Team,0.0,5.0,77.58,9.0
6.0,Ferrari,0.0,6.0,77.62,7.0
7.0,McLaren,0.0,7.0,77.622,6.0
8.0,Red Bull,0.0,8.0,77.701,5.0
9.0,McLaren,0.0,9.0,78.01,8.0
10.0,Alpine F1 Team,0.0,10.0,78.14699999999999,17.0
11.0,Aston Martin,0.0,11.0,77.974,11.0
12.0,AlphaTauri,0.0,12.0,77.982,10.0
13.0,Aston Martin,0.0,13.0,78.07900000000001,13.0
14.0,Alfa Romeo,0.0,14.0,78.356,15.0
15.0,Williams,0.0,15.0,79.154,14.0
17.0,Alfa Romeo,0.0,17.0,78.917,12.0
18.0,Haas F1 Team,0.0,18.0,79.117,18.0
19.0,Williams,0.0,19.0,79.219,16.0
20.0,Haas F1 Team,0.0,20.0,79.807,19.0
2.0,Red Bull,0.0,2.0,70.576,1.0
4.0,Ferrari,0.0,4.0,70.611,2.0
5.0,McLaren,0.0,5.0,70.62,3.0
6.0,AlphaTauri,0.0,6.0,70.9,6.0
7.0,Mercedes,0.0,7.0,71.095,7.0
8.0,Aston Martin,0.0,8.0,71.419,5.0
9.0,Red Bull,0.0,9.0,71.57300000000001,4.0
10.0,Alfa Romeo,0.0,10.0,71.779,10.0
11.0,Alpine F1 Team,0.0,11.0,71.486,9.0
12.0,McLaren,0.0,12.0,71.598,12.0
13.0,Aston Martin,0.0,13.0,71.6,8.0
14.0,Alfa Romeo,0.0,14.0,71.642,11.0
15.0,Williams,0.0,15.0,71.83,14.0
16.0,AlphaTauri,0.0,16.0,72.096,16.0
17.0,Alpine F1 Team,0.0,17.0,72.205,13.0
18.0,Williams,0.0,18.0,72.366,15.0
19.0,Haas F1 Team,0.0,19.0,72.958,17.0
1.0,Ferrari,0.0,1.0,101.218,4.0
2.0,Mercedes,0.0,2.0,101.45,15.0
4.0,AlphaTauri,0.0,4.0,101.565,3.0
5.0,Ferrari,0.0,5.0,101.576,8.0
6.0,McLaren,3.0,9.0,101.747,5.0
7.0,Red Bull,-1.0,6.0,101.917,1.0
8.0,AlphaTauri,-1.0,7.0,102.211,7.0
9.0,Alpine F1 Team,-1.0,8.0,102.327,6.0
10.0,Mercedes,0.0,10.0,102.65899999999999,12.0
11.0,Aston Martin,0.0,11.0,102.22399999999999,2.0
13.0,McLaren,0.0,13.0,102.55799999999999,9.0
14.0,Alfa Romeo,0.0,14.0,102.587,10.0
16.0,Williams,0.0,16.0,103.128,16.0
17.0,Haas F1 Team,0.0,17.0,104.158,13.0
18.0,Haas F1 Team,0.0,18.0,104.238,14.0
20.0,Alfa Romeo,0.0,20.0,84.536,11.0
1.0,Red Bull,0.0,1.0,89.99,1.0
2.0,Mercedes,0.0,2.0,90.248,2.0
3.0,Mercedes,0.0,3.0,90.376,4.0
4.0,Red Bull,0.0,4.0,90.445,3.0
5.0,Ferrari,0.0,5.0,90.84,11.0
6.0,AlphaTauri,0.0,6.0,90.868,7.0
7.0,Ferrari,0.0,7.0,90.987,16.0
8.0,McLaren,0.0,8.0,91.252,5.0
9.0,Alpine F1 Team,0.0,9.0,91.34,8.0
10.0,McLaren,0.0,10.0,91.382,6.0
11.0,Alpine F1 Team,0.0,11.0,91.736,14.0
12.0,Aston Martin,0.0,12.0,91.767,9.0
13.0,Alfa Romeo,0.0,13.0,91.813,15.0
14.0,Williams,0.0,14.0,92.065,12.0
15.0,Haas F1 Team,0.0,15.0,92.94200000000001,19.0
16.0,Williams,0.0,16.0,93.062,18.0
17.0,Alfa Romeo,0.0,17.0,93.354,17.0
18.0,Haas F1 Team,0.0,18.0,93.554,20.0
19.0,Aston Martin,0.0,19.0,84.536,10.0
20.0,AlphaTauri,-20.0,0.0,84.536,13.0
1.0,Red Bull,0.0,1.0,63.841,1.0
2.0,Mercedes,3.0,5.0,64.035,3.0
3.0,Mercedes,-1.0,2.0,64.06700000000001,2.0
4.0,McLaren,-1.0,3.0,64.12,5.0
5.0,Red Bull,-1.0,4.0,64.168,4.0
7.0,Ferrari,0.0,7.0,64.472,7.0
8.0,AlphaTauri,3.0,11.0,64.514,10.0
9.0,Alpine F1 Team,-1.0,8.0,64.574,9.0
10.0,Aston Martin,-1.0,9.0,64.708,8.0
12.0,Ferrari,0.0,12.0,64.8,6.0
13.0,McLaren,0.0,13.0,64.80799999999999,13.0
14.0,Aston Martin,0.0,14.0,64.875,12.0
15.0,Alfa Romeo,0.0,15.0,64.913,15.0
16.0,Williams,0.0,16.0,65.175,17.0
17.0,Alpine F1 Team,0.0,17.0,65.217,14.0
18.0,Alfa Romeo,0.0,18.0,65.429,11.0
19.0,Haas F1 Team,0.0,19.0,66.041,16.0
20.0,Haas F1 Team,0.0,20.0,66.19200000000001,18.0
1.0,Red Bull,0.0,1.0,63.72,1.0
2.0,McLaren,0.0,2.0,63.768,3.0
3.0,Red Bull,0.0,3.0,63.99,6.0
4.0,Mercedes,0.0,4.0,64.014,4.0
5.0,Mercedes,0.0,5.0,64.049,2.0
6.0,AlphaTauri,0.0,6.0,64.107,9.0
7.0,AlphaTauri,0.0,7.0,64.273,12.0
8.0,Aston Martin,3.0,11.0,64.57,17.0
9.0,Williams,-1.0,8.0,64.591,11.0
10.0,Aston Martin,-1.0,9.0,64.618,13.0
11.0,Ferrari,-1.0,10.0,64.559,5.0
12.0,Ferrari,0.0,12.0,64.6,8.0
13.0,McLaren,0.0,13.0,64.719,7.0
14.0,Alpine F1 Team,0.0,14.0,64.856,10.0
15.0,Alfa Romeo,0.0,15.0,65.083,14.0
16.0,Alfa Romeo,0.0,16.0,65.009,15.0
18.0,Williams,0.0,18.0,65.195,16.0
19.0,Haas F1 Team,0.0,19.0,65.42699999999999,18.0
20.0,Haas F1 Team,0.0,20.0,65.951,19.0
1.0,Mercedes,1.0,2.0,86.134,1.0
3.0,Mercedes,0.0,3.0,86.328,3.0
4.0,Ferrari,0.0,4.0,86.828,2.0
5.0,Red Bull,-5.0,0.0,86.844,16.0
6.0,McLaren,-1.0,5.0,86.89699999999999,4.0
7.0,McLaren,-1.0,6.0,86.899,5.0
8.0,Williams,4.0,12.0,86.971,12.0
9.0,Ferrari,1.0,10.0,87.007,6.0
11.0,Alpine F1 Team,-4.0,7.0,87.245,7.0
12.0,AlphaTauri,-1.0,11.0,87.273,11.0
13.0,Alpine F1 Team,-4.0,9.0,87.34,9.0
14.0,Alfa Romeo,1.0,15.0,87.617,13.0
15.0,Aston Martin,-1.0,14.0,87.66499999999999,8.0
16.0,AlphaTauri,0.0,16.0,88.043,10.0
17.0,Alfa Romeo,-4.0,13.0,88.062,15.0
18.0,Williams,-1.0,17.0,88.254,14.0
19.0,Haas F1 Team,-1.0,18.0,88.738,18.0
20.0,Haas F1 Team,-1.0,19.0,89.051,17.0
1.0,Mercedes,0.0,1.0,75.419,2.0
3.0,Red Bull,0.0,3.0,75.84,9.0
5.0,AlphaTauri,0.0,5.0,76.483,5.0
8.0,Alpine F1 Team,0.0,8.0,76.65299999999999,1.0
9.0,Alpine F1 Team,0.0,9.0,76.715,4.0
11.0,McLaren,0.0,11.0,76.871,11.0
13.0,Alfa Romeo,0.0,13.0,77.564,10.0
14.0,Alfa Romeo,-14.0,0.0,77.583,13.0
15.0,Ferrari,0.0,15.0,76.649,3.0
16.0,AlphaTauri,0.0,16.0,77.919,6.0
17.0,Williams,0.0,17.0,77.944,8.0
18.0,Williams,0.0,18.0,78.036,7.0
20.0,Haas F1 Team,0.0,20.0,84.536,12.0
1.0,Red Bull,0.0,1.0,119.765,1.0
2.0,Williams,0.0,2.0,120.086,2.0
3.0,Mercedes,0.0,3.0,120.099,3.0
4.0,McLaren,0.0,4.0,120.864,4.0
5.0,Aston Martin,0.0,5.0,120.935,5.0
6.0,AlphaTauri,0.0,6.0,121.164,6.0
7.0,Red Bull,-7.0,0.0,122.112,19.0
8.0,Mercedes,5.0,13.0,122.502,12.0
9.0,Alpine F1 Team,-1.0,8.0,123.513,7.0
10.0,McLaren,5.0,15.0,116.025,14.0
11.0,Ferrari,-2.0,9.0,117.721,8.0
12.0,Williams,-2.0,10.0,118.056,9.0
13.0,Ferrari,-2.0,11.0,118.137,10.0
14.0,Alpine F1 Team,-2.0,12.0,118.205,11.0
15.0,Aston Martin,4.0,19.0,118.231,20.0
16.0,Alfa Romeo,-2.0,14.0,122.306,13.0
17.0,AlphaTauri,-1.0,16.0,122.413,15.0
18.0,Haas F1 Team,-1.0,17.0,123.973,16.0
19.0,Alfa Romeo,-19.0,0.0,124.452,18.0
20.0,Haas F1 Team,-2.0,18.0,124.939,17.0
1.0,Red Bull,0.0,1.0,68.885,1.0
2.0,Mercedes,0.0,2.0,68.923,2.0
3.0,Mercedes,0.0,3.0,69.222,3.0
4.0,AlphaTauri,0.0,4.0,69.478,4.0
5.0,Ferrari,0.0,5.0,69.527,5.0
6.0,Ferrari,0.0,6.0,69.537,7.0
7.0,Alfa Romeo,0.0,7.0,69.59,14.0
8.0,Alpine F1 Team,0.0,8.0,69.93299999999999,9.0
9.0,Alpine F1 Team,0.0,9.0,69.956,6.0
10.0,McLaren,0.0,10.0,70.166,11.0
11.0,Williams,0.0,11.0,70.332,17.0
12.0,Aston Martin,0.0,12.0,70.367,12.0
13.0,McLaren,0.0,13.0,70.406,10.0
14.0,Williams,-14.0,0.0,71.161,16.0
16.0,Red Bull,-16.0,0.0,70.53,8.0
17.0,Aston Martin,-2.0,15.0,70.731,13.0
18.0,Alfa Romeo,-2.0,16.0,71.301,15.0
19.0,Haas F1 Team,-2.0,17.0,71.387,18.0
1.0,Mercedes,18.0,19.0,79.555,3.0
4.0,McLaren,-1.0,3.0,79.989,2.0
5.0,McLaren,-3.0,2.0,79.995,1.0
7.0,Ferrari,-1.0,6.0,80.462,6.0
8.0,Ferrari,-3.0,5.0,80.51,4.0
9.0,Red Bull,-1.0,8.0,80.611,5.0
10.0,Alfa Romeo,-3.0,7.0,80.80799999999999,13.0
11.0,Aston Martin,0.0,11.0,80.913,12.0
12.0,Aston Martin,-3.0,9.0,81.02,7.0
13.0,Alpine F1 Team,-3.0,10.0,81.069,8.0
14.0,Alpine F1 Team,-2.0,12.0,81.10300000000001,10.0
15.0,Williams,-1.0,14.0,81.392,9.0
16.0,Williams,-3.0,13.0,81.925,11.0
18.0,Haas F1 Team,0.0,18.0,82.248,15.0
19.0,Alfa Romeo,-2.0,17.0,82.53,14.0
1.0,McLaren,0.0,1.0,101.993,7.0
2.0,Ferrari,0.0,2.0,102.50999999999999,3.0
3.0,Williams,0.0,3.0,102.983,10.0
4.0,Mercedes,0.0,4.0,104.05,1.0
5.0,McLaren,0.0,5.0,104.156,4.0
6.0,Alpine F1 Team,0.0,6.0,104.20400000000001,6.0
7.0,Mercedes,9.0,16.0,104.71000000000001,5.0
8.0,Aston Martin,-1.0,7.0,104.956,11.0
9.0,Red Bull,-1.0,8.0,105.337,9.0
10.0,Alpine F1 Team,-1.0,9.0,105.86500000000001,14.0
11.0,Aston Martin,-1.0,10.0,106.57300000000001,12.0
12.0,AlphaTauri,-1.0,11.0,106.64099999999999,13.0
13.0,AlphaTauri,-1.0,12.0,106.751,17.0
14.0,Williams,4.0,18.0,108.25200000000001,19.0
15.0,Ferrari,4.0,19.0,108.47,15.0
16.0,Alfa Romeo,-3.0,13.0,109.586,8.0
18.0,Alfa Romeo,-1.0,17.0,111.023,16.0
19.0,Haas F1 Team,-4.0,15.0,113.76400000000001,18.0
20.0,Red Bull,0.0,20.0,84.536,2.0
1.0,Mercedes,10.0,11.0,82.868,5.0
2.0,Mercedes,-1.0,1.0,82.998,1.0
3.0,Red Bull,-1.0,2.0,83.196,2.0
4.0,Ferrari,-1.0,3.0,83.265,4.0
5.0,AlphaTauri,-1.0,4.0,83.326,6.0
6.0,Alpine F1 Team,-1.0,5.0,83.477,16.0
7.0,Red Bull,-1.0,6.0,83.706,3.0
8.0,McLaren,-1.0,7.0,83.95400000000001,7.0
9.0,Aston Martin,-1.0,8.0,84.305,9.0
10.0,AlphaTauri,-1.0,9.0,84.368,14.0
11.0,Aston Martin,-1.0,10.0,84.795,18.0
12.0,Alpine F1 Team,0.0,12.0,84.842,10.0
13.0,Williams,0.0,13.0,85.007,15.0
14.0,Haas F1 Team,0.0,14.0,85.2,19.0
15.0,Ferrari,4.0,19.0,85.17699999999999,8.0
16.0,McLaren,4.0,20.0,85.881,13.0
17.0,Williams,-2.0,15.0,86.086,17.0
18.0,Alfa Romeo,-2.0,16.0,86.43,11.0
19.0,Alfa Romeo,-2.0,17.0,87.525,12.0
20.0,Haas F1 Team,-2.0,18.0,88.449,20.0
1.0,Red Bull,0.0,1.0,92.91,1.0
2.0,Mercedes,0.0,2.0,93.119,2.0
3.0,Red Bull,0.0,3.0,93.134,3.0
4.0,Mercedes,5.0,9.0,93.475,6.0
5.0,Ferrari,-1.0,4.0,93.606,4.0
6.0,Ferrari,-1.0,5.0,93.792,7.0
7.0,McLaren,-1.0,6.0,93.80799999999999,5.0
8.0,McLaren,-1.0,7.0,93.887,8.0
10.0,AlphaTauri,0.0,10.0,94.918,9.0
12.0,Aston Martin,6.0,18.0,95.5,10.0
13.0,Alfa Romeo,-1.0,12.0,95.794,11.0
15.0,Williams,5.0,20.0,95.74600000000001,14.0
16.0,Aston Martin,-3.0,13.0,95.983,12.0
17.0,Williams,-3.0,14.0,95.995,15.0
18.0,Alfa Romeo,-3.0,15.0,96.311,13.0
19.0,Haas F1 Team,-3.0,16.0,96.499,16.0
20.0,Haas F1 Team,-3.0,17.0,96.79599999999999,17.0
1.0,Mercedes,0.0,1.0,75.875,15.0
2.0,Mercedes,0.0,2.0,76.02,2.0
3.0,Red Bull,0.0,3.0,76.225,1.0
4.0,Red Bull,0.0,4.0,76.342,3.0
5.0,AlphaTauri,0.0,5.0,76.456,4.0
6.0,Ferrari,0.0,6.0,76.761,6.0
7.0,McLaren,0.0,7.0,76.763,12.0
8.0,Ferrari,0.0,8.0,76.837,5.0
10.0,McLaren,8.0,18.0,96.83,10.0
11.0,Aston Martin,-2.0,9.0,77.746,7.0
12.0,Alfa Romeo,-2.0,10.0,77.958,8.0
13.0,Williams,3.0,16.0,78.172,16.0
14.0,Alfa Romeo,-3.0,11.0,78.28999999999999,11.0
15.0,Alpine F1 Team,4.0,19.0,78.405,13.0
16.0,Alpine F1 Team,-4.0,12.0,78.452,9.0
17.0,Williams,-4.0,13.0,78.756,17.0
19.0,Haas F1 Team,-4.0,15.0,79.303,18.0
20.0,Aston Martin,0.0,20.0,80.873,14.0
1.0,Mercedes,9.0,10.0,67.934,1.0
2.0,Red Bull,0.0,2.0,68.372,2.0
3.0,Mercedes,-2.0,1.0,68.469,3.0
4.0,Red Bull,0.0,4.0,68.483,4.0
5.0,AlphaTauri,2.0,7.0,68.777,7.0
6.0,Ferrari,-3.0,3.0,68.826,6.0
7.0,Ferrari,-1.0,6.0,68.96000000000001,5.0
8.0,McLaren,-3.0,5.0,68.98,10.0
10.0,Alpine F1 Team,2.0,12.0,69.113,9.0
11.0,Alpine F1 Team,-3.0,8.0,69.189,8.0
12.0,Aston Martin,-3.0,9.0,69.399,11.0
13.0,AlphaTauri,2.0,15.0,69.483,15.0
14.0,Alfa Romeo,-14.0,0.0,69.503,12.0
15.0,Alfa Romeo,-2.0,13.0,70.227,14.0
17.0,Williams,-1.0,16.0,69.897,16.0
18.0,Williams,-1.0,17.0,69.953,13.0
19.0,Haas F1 Team,-1.0,18.0,70.32900000000001,18.0
20.0,Haas F1 Team,-1.0,19.0,70.589,17.0
1.0,Mercedes,0.0,1.0,80.827,1.0
2.0,Red Bull,5.0,7.0,81.282,2.0
4.0,AlphaTauri,-2.0,2.0,81.64,11.0
5.0,Alpine F1 Team,-2.0,3.0,81.67,3.0
6.0,McLaren,-2.0,4.0,81.731,9.0
7.0,Ferrari,-2.0,5.0,81.84,7.0
8.0,AlphaTauri,0.0,8.0,81.881,13.0
9.0,Alpine F1 Team,0.0,9.0,82.02799999999999,5.0
10.0,Aston Martin,0.0,10.0,82.785,10.0
11.0,Red Bull,0.0,11.0,82.346,4.0
12.0,Aston Martin,0.0,12.0,82.46000000000001,6.0
13.0,Ferrari,0.0,13.0,82.463,8.0
14.0,McLaren,0.0,14.0,82.59700000000001,12.0
15.0,Williams,0.0,15.0,82.756,17.0
16.0,Alfa Romeo,0.0,16.0,83.156,14.0
18.0,Alfa Romeo,0.0,18.0,83.262,15.0
19.0,Haas F1 Team,0.0,19.0,83.407,16.0
20.0,Haas F1 Team,0.0,20.0,85.85900000000001,18.0
1.0,Mercedes,0.0,1.0,87.511,1.0
2.0,Mercedes,0.0,2.0,87.622,3.0
3.0,Red Bull,0.0,3.0,87.65299999999999,2.0
4.0,Ferrari,0.0,4.0,88.054,7.0
6.0,AlphaTauri,0.0,6.0,88.125,6.0
7.0,McLaren,0.0,7.0,88.18,10.0
8.0,AlphaTauri,0.0,8.0,88.44200000000001,14.0
9.0,Alpine F1 Team,0.0,9.0,88.64699999999999,4.0
10.0,Alfa Romeo,0.0,10.0,88.754,9.0
11.0,McLaren,0.0,11.0,88.668,5.0
12.0,Alfa Romeo,0.0,12.0,88.885,15.0
13.0,Alpine F1 Team,0.0,13.0,88.92,13.0
15.0,Ferrari,0.0,15.0,113.652,8.0
16.0,Williams,0.0,16.0,89.17699999999999,12.0
18.0,Aston Martin,0.0,18.0,89.368,11.0
1.0,Red Bull,0.0,1.0,82.10900000000001,1.0
2.0,Mercedes,0.0,2.0,82.48,2.0
3.0,McLaren,0.0,3.0,82.931,7.0
4.0,Red Bull,0.0,4.0,82.947,15.0
5.0,Ferrari,0.0,5.0,82.992,3.0
6.0,Mercedes,0.0,6.0,83.036,6.0
7.0,Ferrari,0.0,7.0,83.122,10.0
8.0,AlphaTauri,0.0,8.0,83.22,4.0
9.0,Alpine F1 Team,0.0,9.0,83.389,9.0
10.0,McLaren,0.0,10.0,83.40899999999999,12.0
11.0,Alpine F1 Team,0.0,11.0,83.46000000000001,8.0
12.0,AlphaTauri,0.0,12.0,84.043,5.0
13.0,Aston Martin,0.0,13.0,84.066,13.0
15.0,Aston Martin,0.0,15.0,84.305,11.0
19.0,Haas F1 Team,0.0,19.0,84.906,14.0
1.0,Ferrari,0.0,1.0,90.55799999999999,1.0
2.0,Red Bull,0.0,2.0,90.681,19.0
3.0,Ferrari,0.0,3.0,90.687,2.0
4.0,Red Bull,0.0,4.0,90.92099999999999,18.0
5.0,Mercedes,0.0,5.0,91.238,3.0
6.0,Alfa Romeo,0.0,6.0,91.56,6.0
7.0,Haas F1 Team,0.0,7.0,91.80799999999999,5.0
8.0,Alpine F1 Team,0.0,8.0,92.195,9.0
9.0,Mercedes,0.0,9.0,92.21600000000001,4.0
11.0,Alpine F1 Team,0.0,11.0,91.782,7.0
12.0,Haas F1 Team,0.0,12.0,91.998,11.0
13.0,McLaren,0.0,13.0,92.00800000000001,15.0
14.0,Williams,0.0,14.0,92.664,13.0
15.0,Alfa Romeo,0.0,15.0,93.543,10.0
16.0,AlphaTauri,0.0,16.0,92.75,8.0
17.0,Aston Martin,0.0,17.0,92.777,17.0
18.0,McLaren,0.0,18.0,92.945,14.0
19.0,Aston Martin,0.0,19.0,93.032,12.0
20.0,Williams,0.0,20.0,93.634,16.0
13.0,Alfa Romeo,-1.0,12.0,89.819,11.0
11.0,McLaren,0.0,11.0,89.651,7.0
10.0,Haas F1 Team,0.0,10.0,89.588,9.0
9.0,AlphaTauri,0.0,9.0,89.254,8.0
6.0,Mercedes,0.0,6.0,89.104,5.0
5.0,Alpine F1 Team,0.0,5.0,89.068,6.0
4.0,Red Bull,0.0,4.0,88.461,1.0
3.0,Ferrari,0.0,3.0,88.402,3.0
2.0,Ferrari,0.0,2.0,88.225,2.0
1.0,Red Bull,0.0,1.0,88.2,4.0
15.0,Aston Martin,-2.0,13.0,91.009,13.0
16.0,Mercedes,-1.0,15.0,90.343,10.0
17.0,Williams,-1.0,16.0,90.492,14.0
18.0,Aston Martin,-1.0,17.0,90.543,12.0
1.0,Ferrari,0.0,1.0,77.868,1.0
3.0,Red Bull,0.0,3.0,78.24,2.0
4.0,McLaren,0.0,4.0,78.703,5.0
5.0,Mercedes,0.0,5.0,78.825,4.0
6.0,Mercedes,0.0,6.0,78.93299999999999,3.0
7.0,McLaren,0.0,7.0,79.032,6.0
8.0,Alpine F1 Team,0.0,8.0,79.061,7.0
10.0,Alpine F1 Team,0.0,10.0,78.815,17.0
11.0,AlphaTauri,0.0,11.0,79.226,9.0
12.0,Alfa Romeo,0.0,12.0,79.41,8.0
13.0,AlphaTauri,0.0,13.0,79.424,15.0
14.0,Alfa Romeo,0.0,14.0,80.155,11.0
15.0,Haas F1 Team,0.0,15.0,80.465,13.0
16.0,Williams,4.0,20.0,80.135,10.0
17.0,Haas F1 Team,-1.0,16.0,80.254,14.0
19.0,Williams,-1.0,18.0,81.372,16.0
20.0,Aston Martin,-1.0,19.0,84.536,12.0
1.0,Red Bull,0.0,1.0,87.999,1.0
2.0,Ferrari,0.0,2.0,88.77799999999999,6.0
3.0,McLaren,2.0,5.0,89.131,3.0
4.0,Haas F1 Team,4.0,8.0,89.164,9.0
6.0,McLaren,0.0,6.0,89.742,18.0
7.0,Red Bull,-4.0,3.0,89.80799999999999,2.0
8.0,Alfa Romeo,-1.0,7.0,90.439,5.0
9.0,Aston Martin,4.0,13.0,91.062,8.0
11.0,Mercedes,0.0,11.0,80.757,4.0
12.0,Haas F1 Team,-2.0,10.0,80.916,17.0
13.0,Mercedes,1.0,14.0,81.138,13.0
14.0,Alfa Romeo,-14.0,0.0,81.434,15.0
15.0,Aston Martin,0.0,15.0,88.119,10.0
16.0,AlphaTauri,-4.0,12.0,80.474,7.0
17.0,AlphaTauri,0.0,17.0,80.732,12.0
18.0,Williams,1.0,19.0,81.971,16.0
19.0,Alpine F1 Team,-3.0,16.0,82.338,14.0
20.0,Williams,-2.0,18.0,84.536,11.0
1.0,Ferrari,0.0,1.0,88.79599999999999,2.0
2.0,Ferrari,0.0,2.0,88.986,3.0
3.0,Red Bull,0.0,3.0,88.991,1.0
4.0,Red Bull,0.0,4.0,89.036,4.0
5.0,Alfa Romeo,0.0,5.0,89.475,7.0
6.0,Mercedes,0.0,6.0,89.625,6.0
9.0,AlphaTauri,0.0,9.0,89.932,12.0
10.0,Aston Martin,-10.0,0.0,90.676,10.0
11.0,Alpine F1 Team,0.0,11.0,90.16,11.0
12.0,Mercedes,0.0,12.0,90.173,5.0
13.0,Aston Martin,-13.0,0.0,90.214,17.0
14.0,McLaren,0.0,14.0,90.31,13.0
15.0,Haas F1 Team,0.0,15.0,90.423,15.0
16.0,Haas F1 Team,0.0,16.0,90.975,16.0
18.0,Williams,0.0,18.0,91.26599999999999,9.0
19.0,Williams,0.0,19.0,91.325,14.0
20.0,Alpine F1 Team,0.0,20.0,84.536,8.0
2.0,Red Bull,0.0,2.0,79.07300000000001,1.0
3.0,Ferrari,0.0,3.0,79.166,4.0
4.0,Mercedes,0.0,4.0,79.393,3.0
5.0,Red Bull,0.0,5.0,79.42,2.0
6.0,Mercedes,0.0,6.0,79.512,5.0
7.0,Alfa Romeo,0.0,7.0,79.608,6.0
8.0,Haas F1 Team,0.0,8.0,79.682,17.0
9.0,McLaren,0.0,9.0,80.297,12.0
10.0,Haas F1 Team,0.0,10.0,80.368,14.0
11.0,McLaren,0.0,11.0,80.471,8.0
12.0,Alpine F1 Team,0.0,12.0,80.638,7.0
13.0,AlphaTauri,0.0,13.0,80.639,10.0
14.0,AlphaTauri,0.0,14.0,80.861,13.0
16.0,Aston Martin,0.0,16.0,80.95400000000001,11.0
17.0,Alpine F1 Team,3.0,20.0,81.043,9.0
18.0,Aston Martin,-1.0,17.0,81.418,15.0
19.0,Williams,-1.0,18.0,81.645,18.0
20.0,Williams,-1.0,19.0,81.91499999999999,16.0
1.0,Ferrari,0.0,1.0,71.376,4.0
2.0,Ferrari,0.0,2.0,71.601,2.0
3.0,Red Bull,0.0,3.0,71.629,1.0
4.0,Red Bull,0.0,4.0,71.666,3.0
5.0,McLaren,0.0,5.0,71.849,6.0
6.0,Mercedes,0.0,6.0,72.112,5.0
7.0,Alpine F1 Team,0.0,7.0,72.247,7.0
8.0,Mercedes,0.0,8.0,72.56,8.0
9.0,Aston Martin,0.0,9.0,72.732,10.0
10.0,Alpine F1 Team,0.0,10.0,73.047,12.0
11.0,AlphaTauri,0.0,11.0,72.797,17.0
12.0,Alfa Romeo,0.0,12.0,72.909,9.0
14.0,McLaren,0.0,14.0,72.964,13.0
17.0,AlphaTauri,0.0,17.0,73.66,11.0
18.0,Aston Martin,0.0,18.0,73.678,14.0
19.0,Williams,0.0,19.0,74.403,15.0
20.0,Alfa Romeo,0.0,20.0,75.606,16.0
2.0,Red Bull,0.0,2.0,101.64099999999999,2.0
3.0,Red Bull,0.0,3.0,101.706,1.0
5.0,Mercedes,0.0,5.0,102.712,3.0
6.0,AlphaTauri,0.0,6.0,102.845,5.0
7.0,Mercedes,0.0,7.0,102.924,4.0
8.0,AlphaTauri,0.0,8.0,103.056,13.0
9.0,Aston Martin,0.0,9.0,103.09100000000001,6.0
10.0,Alpine F1 Team,0.0,10.0,103.173,7.0
11.0,McLaren,0.0,11.0,103.398,9.0
12.0,McLaren,0.0,12.0,103.574,8.0
13.0,Alpine F1 Team,0.0,13.0,103.58500000000001,10.0
15.0,Alfa Romeo,0.0,15.0,104.444,11.0
17.0,Williams,0.0,17.0,104.719,12.0
18.0,Williams,0.0,18.0,105.36699999999999,15.0
19.0,Aston Martin,0.0,19.0,105.37100000000001,16.0
20.0,Haas F1 Team,0.0,20.0,105.775,14.0
1.0,Red Bull,0.0,1.0,81.299,1.0
2.0,Alpine F1 Team,0.0,2.0,81.944,9.0
3.0,Ferrari,0.0,3.0,82.096,2.0
4.0,Mercedes,0.0,4.0,82.89099999999999,3.0
5.0,Haas F1 Team,0.0,5.0,82.96000000000001,17.0
7.0,Alpine F1 Team,0.0,7.0,83.529,6.0
8.0,Mercedes,0.0,8.0,83.557,4.0
9.0,McLaren,0.0,9.0,83.749,11.0
10.0,Alfa Romeo,0.0,10.0,84.03,8.0
11.0,Alfa Romeo,0.0,11.0,86.788,7.0
12.0,Williams,0.0,12.0,86.858,13.0
14.0,McLaren,0.0,14.0,94.066,15.0
15.0,Ferrari,4.0,19.0,93.00800000000001,5.0
16.0,AlphaTauri,-1.0,15.0,94.49199999999999,14.0
17.0,Aston Martin,-1.0,16.0,94.512,12.0
18.0,Aston Martin,-1.0,17.0,95.532,10.0
19.0,Williams,-1.0,18.0,95.66,16.0
1.0,Ferrari,0.0,1.0,100.983,1.0
2.0,Red Bull,0.0,2.0,101.055,7.0
3.0,Ferrari,0.0,3.0,101.298,4.0
4.0,Red Bull,0.0,4.0,101.616,2.0
5.0,Mercedes,0.0,5.0,101.995,3.0
6.0,McLaren,0.0,6.0,102.084,6.0
7.0,Alpine F1 Team,0.0,7.0,102.116,5.0
10.0,Williams,0.0,10.0,123.095,12.0
13.0,AlphaTauri,0.0,13.0,104.311,14.0
14.0,McLaren,0.0,14.0,104.35499999999999,13.0
17.0,Haas F1 Team,0.0,17.0,102.15899999999999,10.0
18.0,Aston Martin,0.0,18.0,102.666,9.0
19.0,Haas F1 Team,0.0,19.0,102.708,8.0
20.0,Aston Martin,0.0,20.0,103.43,11.0
1.0,Red Bull,0.0,1.0,64.984,2.0
2.0,Ferrari,0.0,2.0,65.013,1.0
4.0,Mercedes,0.0,4.0,65.431,4.0
5.0,Alpine F1 Team,1.0,6.0,65.726,5.0
6.0,Haas F1 Team,1.0,7.0,65.879,8.0
7.0,Haas F1 Team,2.0,9.0,66.011,6.0
8.0,Alpine F1 Team,11.0,19.0,66.103,10.0
9.0,Mercedes,-1.0,8.0,73.151,3.0
10.0,AlphaTauri,4.0,14.0,66.16,15.0
11.0,Williams,4.0,15.0,66.23,12.0
12.0,Alfa Romeo,-12.0,0.0,66.319,11.0
14.0,AlphaTauri,2.0,16.0,66.851,16.0
15.0,McLaren,-5.0,10.0,85.84700000000001,7.0
16.0,McLaren,-5.0,11.0,66.613,9.0
17.0,Aston Martin,-5.0,12.0,66.847,13.0
18.0,Alfa Romeo,-5.0,13.0,66.901,14.0
20.0,Aston Martin,-2.0,18.0,67.083,17.0
2.0,Red Bull,0.0,2.0,91.176,1.0
3.0,Red Bull,0.0,3.0,91.33500000000001,4.0
4.0,Mercedes,0.0,4.0,91.765,2.0
5.0,McLaren,0.0,5.0,92.032,7.0
6.0,Mercedes,0.0,6.0,92.131,3.0
7.0,Alpine F1 Team,0.0,7.0,92.55199999999999,6.0
9.0,Ferrari,10.0,19.0,91.081,5.0
11.0,McLaren,-2.0,9.0,92.922,9.0
12.0,Alpine F1 Team,-2.0,10.0,93.048,8.0
13.0,Alfa Romeo,-2.0,11.0,93.05199999999999,14.0
14.0,Aston Martin,-2.0,12.0,93.27600000000001,11.0
15.0,Williams,-2.0,13.0,93.307,13.0
16.0,AlphaTauri,-2.0,14.0,93.439,12.0
17.0,Aston Martin,-2.0,15.0,93.439,10.0
18.0,Alfa Romeo,-2.0,16.0,93.674,16.0
19.0,Haas F1 Team,-2.0,17.0,93.701,15.0
1.0,Mercedes,0.0,1.0,77.377,3.0
2.0,Ferrari,0.0,2.0,77.42099999999999,4.0
3.0,Ferrari,0.0,3.0,77.56700000000001,6.0
4.0,McLaren,0.0,4.0,77.769,7.0
5.0,Alpine F1 Team,0.0,5.0,78.018,9.0
6.0,Alpine F1 Team,0.0,6.0,78.078,8.0
7.0,Mercedes,0.0,7.0,78.142,2.0
8.0,Alfa Romeo,0.0,8.0,78.157,20.0
9.0,McLaren,0.0,9.0,78.379,15.0
10.0,Red Bull,0.0,10.0,78.82300000000001,1.0
11.0,Red Bull,0.0,11.0,78.51599999999999,5.0
12.0,Alfa Romeo,0.0,12.0,78.57300000000001,13.0
13.0,Haas F1 Team,0.0,13.0,78.825,16.0
14.0,Aston Martin,0.0,14.0,79.137,11.0
15.0,Haas F1 Team,0.0,15.0,79.202,14.0
16.0,AlphaTauri,0.0,16.0,79.24,19.0
17.0,Williams,0.0,17.0,79.256,17.0
18.0,Aston Martin,0.0,18.0,79.273,10.0
19.0,AlphaTauri,-19.0,0.0,79.527,12.0
20.0,Williams,-1.0,19.0,79.57,18.0
1.0,Red Bull,13.0,14.0,103.66499999999999,1.0
2.0,Ferrari,-1.0,1.0,104.297,3.0
3.0,Red Bull,-1.0,2.0,104.462,2.0
4.0,Ferrari,11.0,15.0,104.553,6.0
5.0,Alpine F1 Team,11.0,16.0,105.18,7.0
6.0,Alpine F1 Team,-3.0,3.0,105.368,5.0
8.0,Mercedes,-3.0,5.0,105.77600000000001,4.0
9.0,Williams,-3.0,6.0,105.837,10.0
10.0,McLaren,7.0,17.0,106.178,12.0
11.0,McLaren,-4.0,7.0,105.767,15.0
12.0,AlphaTauri,-12.0,0.0,105.827,9.0
13.0,Alfa Romeo,5.0,18.0,106.08500000000001,14.0
14.0,Aston Martin,-5.0,9.0,106.61099999999999,11.0
15.0,Haas F1 Team,4.0,19.0,107.718,17.0
16.0,Aston Martin,-6.0,10.0,106.344,8.0
17.0,Williams,-6.0,11.0,106.40100000000001,18.0
18.0,Haas F1 Team,-6.0,12.0,106.557,16.0
19.0,AlphaTauri,-19.0,0.0,106.69200000000001,13.0
1.0,Red Bull,0.0,1.0,70.342,1.0
2.0,Ferrari,0.0,2.0,70.363,3.0
3.0,Ferrari,0.0,3.0,70.434,8.0
4.0,Mercedes,0.0,4.0,70.648,4.0
5.0,Red Bull,0.0,5.0,71.077,5.0
6.0,Mercedes,0.0,6.0,71.147,2.0
7.0,McLaren,0.0,7.0,71.174,7.0
8.0,Haas F1 Team,0.0,8.0,71.44200000000001,13.0
10.0,Aston Martin,0.0,10.0,71.416,10.0
11.0,AlphaTauri,0.0,11.0,71.512,11.0
12.0,Alpine F1 Team,0.0,12.0,71.605,9.0
13.0,Alpine F1 Team,0.0,13.0,71.613,6.0
14.0,Alfa Romeo,0.0,14.0,71.70400000000001,16.0
15.0,Williams,0.0,15.0,71.80199999999999,12.0
17.0,McLaren,0.0,17.0,72.081,17.0
18.0,Haas F1 Team,0.0,18.0,72.319,15.0
19.0,Aston Martin,0.0,19.0,72.391,14.0
20.0,Williams,0.0,20.0,73.353,18.0
1.0,Ferrari,0.0,1.0,80.161,2.0
2.0,Red Bull,5.0,7.0,80.306,1.0
3.0,Ferrari,15.0,18.0,80.429,4.0
4.0,Red Bull,9.0,13.0,81.206,6.0
5.0,Mercedes,14.0,19.0,81.524,5.0
6.0,Mercedes,-4.0,2.0,81.542,3.0
7.0,McLaren,-4.0,3.0,81.584,7.0
9.0,AlphaTauri,-4.0,5.0,82.648,8.0
11.0,Alpine F1 Team,3.0,14.0,82.13,11.0
12.0,Alfa Romeo,3.0,15.0,82.235,13.0
13.0,Williams,-5.0,8.0,82.471,9.0
14.0,Alfa Romeo,-5.0,9.0,82.577,10.0
15.0,AlphaTauri,5.0,20.0,82.02,14.0
16.0,Williams,-6.0,10.0,82.587,15.0
19.0,Haas F1 Team,-3.0,16.0,82.908,16.0
20.0,Haas F1 Team,-3.0,17.0,83.005,12.0
1.0,Ferrari,0.0,1.0,109.412,2.0
2.0,Red Bull,0.0,2.0,109.434,1.0
3.0,Mercedes,0.0,3.0,109.46600000000001,9.0
4.0,Ferrari,0.0,4.0,109.583,3.0
6.0,McLaren,0.0,6.0,110.584,4.0
7.0,AlphaTauri,0.0,7.0,111.211,10.0
8.0,Red Bull,0.0,8.0,111.39500000000001,7.0
9.0,Haas F1 Team,0.0,9.0,111.57300000000001,12.0
11.0,Mercedes,-11.0,0.0,114.012,14.0
12.0,Aston Martin,-1.0,11.0,114.211,6.0
13.0,Haas F1 Team,-1.0,12.0,114.37,13.0
14.0,Aston Martin,-1.0,13.0,114.38,8.0
16.0,Alfa Romeo,-1.0,15.0,116.083,11.0
17.0,McLaren,-1.0,16.0,116.226,5.0
1.0,Red Bull,0.0,1.0,89.304,1.0
2.0,Ferrari,0.0,2.0,89.314,3.0
4.0,Red Bull,0.0,4.0,89.709,2.0
5.0,Alpine F1 Team,0.0,5.0,90.16499999999999,4.0
6.0,Mercedes,0.0,6.0,90.261,5.0
7.0,Alpine F1 Team,0.0,7.0,90.322,7.0
8.0,Mercedes,0.0,8.0,90.389,8.0
9.0,Aston Martin,0.0,9.0,90.554,6.0
10.0,McLaren,0.0,10.0,91.003,10.0
11.0,McLaren,0.0,11.0,90.65899999999999,11.0
12.0,Alfa Romeo,0.0,12.0,90.709,15.0
13.0,AlphaTauri,0.0,13.0,90.80799999999999,13.0
14.0,Alfa Romeo,0.0,14.0,90.953,16.0
15.0,Haas F1 Team,0.0,15.0,91.439,17.0
17.0,AlphaTauri,0.0,17.0,91.322,18.0
18.0,Haas F1 Team,0.0,18.0,91.352,14.0
19.0,Aston Martin,0.0,19.0,91.419,12.0
20.0,Williams,0.0,20.0,91.511,9.0
2.0,Ferrari,10.0,12.0,94.42099999999999,3.0
3.0,Red Bull,-1.0,2.0,94.44800000000001,1.0
4.0,Red Bull,5.0,9.0,94.64500000000001,4.0
5.0,Mercedes,-2.0,3.0,94.947,2.0
6.0,Mercedes,-2.0,4.0,94.988,5.0
8.0,McLaren,-2.0,6.0,95.69,6.0
9.0,Alpine F1 Team,5.0,14.0,95.876,7.0
11.0,Williams,-3.0,8.0,96.368,13.0
12.0,Aston Martin,-2.0,10.0,96.398,8.0
13.0,AlphaTauri,-2.0,11.0,96.74000000000001,14.0
14.0,Alfa Romeo,4.0,18.0,96.97,12.0
15.0,AlphaTauri,4.0,19.0,97.14699999999999,10.0
16.0,Haas F1 Team,-3.0,13.0,96.949,9.0
17.0,McLaren,-2.0,15.0,97.04599999999999,16.0
18.0,Alpine F1 Team,-18.0,0.0,97.068,11.0
19.0,Haas F1 Team,-3.0,16.0,97.11099999999999,15.0
20.0,Williams,-3.0,17.0,97.244,17.0
1.0,Red Bull,0.0,1.0,77.775,1.0
2.0,Mercedes,0.0,2.0,78.07900000000001,4.0
3.0,Mercedes,0.0,3.0,78.084,2.0
4.0,Red Bull,0.0,4.0,78.128,3.0
5.0,Ferrari,0.0,5.0,78.351,5.0
6.0,Alfa Romeo,0.0,6.0,78.401,10.0
7.0,Ferrari,0.0,7.0,78.555,6.0
8.0,McLaren,0.0,8.0,78.721,9.0
9.0,Alpine F1 Team,0.0,9.0,78.939,19.0
10.0,Alpine F1 Team,0.0,10.0,79.01,8.0
11.0,McLaren,0.0,11.0,79.325,7.0
12.0,Alfa Romeo,0.0,12.0,79.476,13.0
14.0,AlphaTauri,0.0,14.0,79.672,11.0
15.0,Haas F1 Team,4.0,19.0,79.833,17.0
16.0,Haas F1 Team,-1.0,15.0,80.419,16.0
17.0,Aston Martin,-1.0,16.0,80.419,14.0
18.0,Aston Martin,2.0,20.0,80.52,15.0
19.0,Williams,-2.0,17.0,80.85900000000001,12.0
20.0,Williams,-2.0,18.0,81.167,18.0
2.0,Red Bull,1.0,3.0,71.877,6.0
3.0,Mercedes,-2.0,1.0,72.059,1.0
5.0,Ferrari,2.0,7.0,72.357,3.0
6.0,Alpine F1 Team,10.0,16.0,72.425,8.0
7.0,Alpine F1 Team,10.0,17.0,72.504,5.0
8.0,Mercedes,-6.0,2.0,72.611,2.0
9.0,Red Bull,-5.0,4.0,75.601,7.0
10.0,Ferrari,-5.0,5.0,70.95,4.0
11.0,Williams,8.0,19.0,71.631,15.0
12.0,AlphaTauri,-2.0,10.0,71.675,14.0
13.0,Aston Martin,-4.0,9.0,71.678,11.0
16.0,Williams,2.0,18.0,75.095,16.0
17.0,Alfa Romeo,-4.0,13.0,75.197,12.0
18.0,Alfa Romeo,-4.0,14.0,75.486,9.0
19.0,AlphaTauri,-19.0,0.0,76.264,17.0
20.0,Haas F1 Team,-8.0,12.0,76.361,13.0
15.0,Aston Martin,0.0,15.0,72.21000000000001,10.0
1.0,Red Bull,0.0,1.0,83.824,1.0
2.0,Red Bull,0.0,2.0,84.05199999999999,3.0
3.0,Ferrari,0.0,3.0,84.092,2.0
4.0,Ferrari,0.0,4.0,84.242,4.0
5.0,Mercedes,0.0,5.0,84.508,18.0
6.0,Mercedes,0.0,6.0,84.511,5.0
7.0,McLaren,0.0,7.0,84.769,6.0
8.0,Alpine F1 Team,0.0,8.0,84.83,7.0
9.0,Aston Martin,0.0,9.0,84.961,10.0
10.0,McLaren,3.0,13.0,85.045,9.0
12.0,AlphaTauri,-1.0,11.0,85.219,11.0
13.0,Haas F1 Team,-1.0,12.0,85.225,16.0
14.0,Aston Martin,0.0,14.0,85.35900000000001,8.0
15.0,Alfa Romeo,0.0,15.0,85.408,12.0
16.0,Haas F1 Team,0.0,16.0,85.834,17.0
17.0,AlphaTauri,0.0,17.0,85.85900000000001,14.0
18.0,Alfa Romeo,0.0,18.0,85.892,15.0
19.0,Williams,0.0,19.0,86.02799999999999,13.0
20.0,Williams,0.0,20.0,86.054,19.0
1.0,Red Bull,0.0,1.0,89.708,1.0
2.0,Red Bull,0.0,2.0,89.846,2.0
4.0,Ferrari,0.0,4.0,90.154,4.0
5.0,Aston Martin,0.0,5.0,90.336,3.0
6.0,Mercedes,0.0,6.0,90.34,7.0
7.0,Mercedes,0.0,7.0,90.384,5.0
8.0,Aston Martin,0.0,8.0,90.836,6.0
10.0,Haas F1 Team,0.0,10.0,90.809,15.0
11.0,McLaren,0.0,11.0,91.381,17.0
12.0,Alfa Romeo,0.0,12.0,91.443,8.0
13.0,Alfa Romeo,0.0,13.0,91.473,16.0
14.0,AlphaTauri,0.0,14.0,92.50999999999999,11.0
15.0,Williams,0.0,15.0,91.461,10.0
16.0,Williams,0.0,16.0,91.652,12.0
17.0,Haas F1 Team,0.0,17.0,91.892,13.0
19.0,AlphaTauri,0.0,19.0,92.12100000000001,14.0
20.0,Alpine F1 Team,0.0,20.0,92.181,9.0
1.0,Red Bull,0.0,1.0,88.265,1.0
2.0,Ferrari,10.0,12.0,88.42,7.0
3.0,Aston Martin,-1.0,2.0,88.73,3.0
4.0,Mercedes,-1.0,3.0,88.857,4.0
5.0,Ferrari,-1.0,4.0,88.931,6.0
7.0,Alpine F1 Team,-1.0,6.0,89.078,8.0
8.0,Mercedes,-1.0,7.0,89.223,5.0
9.0,McLaren,-1.0,8.0,89.243,15.0
10.0,Alpine F1 Team,-1.0,9.0,89.357,9.0
11.0,Haas F1 Team,-1.0,10.0,89.451,12.0
12.0,Alfa Romeo,-1.0,11.0,89.461,13.0
13.0,Haas F1 Team,0.0,13.0,89.634,10.0
14.0,Alfa Romeo,0.0,14.0,89.668,18.0
15.0,Red Bull,0.0,15.0,109.953,2.0
16.0,AlphaTauri,0.0,16.0,89.939,11.0
18.0,AlphaTauri,0.0,18.0,90.244,14.0
19.0,McLaren,0.0,19.0,90.447,17.0
20.0,Williams,0.0,20.0,128.51,16.0
1.0,Red Bull,0.0,1.0,76.732,1.0
3.0,Mercedes,0.0,3.0,77.104,2.0
4.0,Aston Martin,0.0,4.0,77.139,3.0
5.0,Ferrari,0.0,5.0,77.27,12.0
6.0,Aston Martin,0.0,6.0,77.30799999999999,4.0
9.0,Alpine F1 Team,0.0,9.0,77.675,13.0
10.0,Haas F1 Team,0.0,10.0,77.735,7.0
11.0,Alpine F1 Team,0.0,11.0,77.768,14.0
12.0,AlphaTauri,0.0,12.0,78.099,10.0
13.0,McLaren,0.0,13.0,78.119,6.0
14.0,Haas F1 Team,0.0,14.0,78.129,17.0
15.0,AlphaTauri,0.0,15.0,78.33500000000001,15.0
16.0,McLaren,0.0,16.0,78.517,8.0
17.0,Alfa Romeo,0.0,17.0,78.53999999999999,9.0
18.0,Williams,0.0,18.0,78.557,16.0
19.0,Alfa Romeo,-19.0,0.0,78.714,11.0
20.0,Red Bull,-20.0,0.0,84.536,5.0
1.0,Ferrari,0.0,1.0,100.203,3.0
2.0,Red Bull,0.0,2.0,100.39099999999999,2.0
3.0,Red Bull,0.0,3.0,100.495,1.0
4.0,Ferrari,0.0,4.0,101.01599999999999,5.0
5.0,Mercedes,0.0,5.0,101.17699999999999,6.0
6.0,Aston Martin,0.0,6.0,101.253,4.0
7.0,McLaren,0.0,7.0,101.281,9.0
8.0,AlphaTauri,0.0,8.0,101.581,10.0
9.0,Aston Martin,0.0,9.0,101.61099999999999,7.0
10.0,McLaren,0.0,10.0,101.61099999999999,11.0
11.0,Mercedes,0.0,11.0,101.654,8.0
12.0,Alpine F1 Team,-12.0,0.0,101.798,15.0
13.0,Williams,-1.0,12.0,101.818,12.0
14.0,Alfa Romeo,-1.0,13.0,102.259,18.0
15.0,Williams,-1.0,14.0,102.39500000000001,16.0
17.0,Haas F1 Team,-17.0,0.0,102.755,17.0
18.0,Haas F1 Team,-2.0,16.0,103.417,13.0
19.0,Alpine F1 Team,-2.0,17.0,104.85300000000001,14.0
1.0,Red Bull,0.0,1.0,86.84100000000001,2.0
2.0,Aston Martin,0.0,2.0,87.202,3.0
3.0,Ferrari,0.0,3.0,87.349,5.0
4.0,Haas F1 Team,0.0,4.0,87.767,10.0
5.0,Alpine F1 Team,0.0,5.0,87.786,8.0
6.0,Mercedes,0.0,6.0,87.804,4.0
7.0,Ferrari,0.0,7.0,87.861,7.0
8.0,Alpine F1 Team,0.0,8.0,87.935,9.0
9.0,Red Bull,0.0,9.0,86.814,1.0
10.0,Alfa Romeo,0.0,10.0,87.564,13.0
11.0,Williams,0.0,11.0,87.795,14.0
12.0,Haas F1 Team,0.0,12.0,87.90299999999999,15.0
13.0,Mercedes,0.0,13.0,87.975,6.0
14.0,Alfa Romeo,0.0,14.0,88.09100000000001,16.0
15.0,AlphaTauri,0.0,15.0,88.395,18.0
16.0,McLaren,0.0,16.0,88.394,17.0
17.0,AlphaTauri,0.0,17.0,88.429,11.0
18.0,Aston Martin,0.0,18.0,88.476,12.0
19.0,McLaren,0.0,19.0,88.48400000000001,19.0
20.0,Williams,0.0,20.0,88.577,20.0
1.0,Red Bull,0.0,1.0,71.365,1.0
2.0,Aston Martin,0.0,2.0,71.449,2.0
3.0,Ferrari,3.0,6.0,71.471,6.0
4.0,Alpine F1 Team,-1.0,3.0,71.553,3.0
5.0,Ferrari,-1.0,4.0,71.63,8.0
6.0,Mercedes,-1.0,5.0,71.725,4.0
7.0,Alpine F1 Team,0.0,7.0,71.93299999999999,7.0
8.0,Mercedes,0.0,8.0,71.964,5.0
9.0,AlphaTauri,0.0,9.0,72.082,15.0
10.0,McLaren,0.0,10.0,72.254,9.0
11.0,McLaren,0.0,11.0,72.395,10.0
12.0,AlphaTauri,0.0,12.0,72.428,12.0
13.0,Williams,0.0,13.0,72.527,14.0
15.0,Alfa Romeo,0.0,15.0,72.625,11.0
16.0,Williams,0.0,16.0,73.113,18.0
18.0,Haas F1 Team,0.0,18.0,73.279,17.0
19.0,Alfa Romeo,0.0,19.0,73.523,13.0
20.0,Red Bull,0.0,20.0,73.85,16.0
1.0,Red Bull,0.0,1.0,72.272,1.0
2.0,Ferrari,0.0,2.0,72.734,5.0
3.0,McLaren,0.0,3.0,72.792,17.0
4.0,Alpine F1 Team,6.0,10.0,72.816,10.0
5.0,Mercedes,-1.0,4.0,72.818,2.0
6.0,Aston Martin,-1.0,5.0,72.994,6.0
7.0,Alpine F1 Team,-1.0,6.0,73.083,8.0
8.0,Haas F1 Team,-1.0,7.0,73.229,15.0
9.0,Aston Martin,-1.0,8.0,73.507,7.0
10.0,McLaren,-1.0,9.0,73.682,13.0
11.0,Red Bull,0.0,11.0,73.334,4.0
12.0,Mercedes,0.0,12.0,73.447,3.0
13.0,Alfa Romeo,0.0,13.0,73.521,9.0
14.0,AlphaTauri,0.0,14.0,74.083,14.0
15.0,AlphaTauri,0.0,15.0,74.477,12.0
16.0,Alfa Romeo,0.0,16.0,73.977,19.0
17.0,Haas F1 Team,0.0,17.0,74.042,18.0
18.0,Williams,0.0,18.0,74.063,16.0
19.0,Ferrari,0.0,19.0,74.07900000000001,11.0
20.0,Williams,0.0,20.0,74.699,20.0
1.0,Red Bull,0.0,1.0,85.858,1.0
2.0,Haas F1 Team,3.0,5.0,87.102,15.0
3.0,Aston Martin,-1.0,2.0,87.286,2.0
4.0,Mercedes,-1.0,3.0,87.627,3.0
6.0,Alpine F1 Team,0.0,6.0,87.945,8.0
7.0,McLaren,0.0,7.0,88.04599999999999,13.0
8.0,Ferrari,3.0,11.0,89.294,5.0
9.0,McLaren,-1.0,8.0,91.349,11.0
10.0,Williams,-1.0,9.0,78.725,7.0
11.0,Ferrari,-1.0,10.0,80.615,4.0
12.0,Red Bull,0.0,12.0,80.959,6.0
13.0,Aston Martin,3.0,16.0,81.48400000000001,9.0
14.0,Haas F1 Team,-1.0,13.0,81.678,17.0
15.0,Alfa Romeo,-1.0,14.0,81.821,10.0
16.0,AlphaTauri,3.0,19.0,82.746,14.0
17.0,Alpine F1 Team,-2.0,15.0,82.886,12.0
18.0,AlphaTauri,-1.0,17.0,83.137,18.0
20.0,Alfa Romeo,0.0,20.0,83.342,16.0
1.0,Red Bull,0.0,1.0,64.391,1.0
2.0,Ferrari,0.0,2.0,64.439,2.0
3.0,Ferrari,0.0,3.0,64.581,6.0
4.0,McLaren,0.0,4.0,64.658,4.0
5.0,Mercedes,0.0,5.0,64.819,8.0
6.0,Aston Martin,0.0,6.0,64.893,9.0
7.0,Aston Martin,0.0,7.0,64.911,5.0
9.0,Alpine F1 Team,0.0,9.0,65.17,10.0
10.0,Williams,0.0,10.0,65.82300000000001,11.0
11.0,Mercedes,0.0,11.0,65.428,7.0
12.0,Alpine F1 Team,0.0,12.0,65.453,14.0
13.0,McLaren,0.0,13.0,65.605,16.0
14.0,Alfa Romeo,0.0,14.0,65.68,15.0
15.0,Red Bull,0.0,15.0,126.688,3.0
16.0,AlphaTauri,0.0,16.0,65.784,19.0
17.0,Alfa Romeo,0.0,17.0,65.818,12.0
18.0,Williams,0.0,18.0,65.94800000000001,13.0
19.0,Haas F1 Team,-19.0,0.0,65.971,18.0
20.0,AlphaTauri,-20.0,0.0,65.974,17.0
1.0,Red Bull,0.0,1.0,86.72,1.0
2.0,McLaren,0.0,2.0,86.961,2.0
3.0,McLaren,0.0,3.0,87.092,4.0
4.0,Ferrari,0.0,4.0,87.136,9.0
5.0,Ferrari,0.0,5.0,87.148,10.0
6.0,Mercedes,0.0,6.0,87.155,5.0
7.0,Mercedes,0.0,7.0,87.211,3.0
8.0,Williams,0.0,8.0,87.53,8.0
9.0,Aston Martin,0.0,9.0,87.65899999999999,7.0
10.0,Alpine F1 Team,0.0,10.0,87.689,18.0
11.0,Haas F1 Team,0.0,11.0,88.896,13.0
12.0,Aston Martin,0.0,12.0,88.935,14.0
14.0,Williams,0.0,14.0,89.031,11.0
15.0,Alfa Romeo,5.0,20.0,89.798,12.0
16.0,Red Bull,-1.0,15.0,89.968,6.0
17.0,AlphaTauri,-1.0,16.0,90.025,16.0
18.0,Alfa Romeo,-1.0,17.0,90.123,15.0
19.0,AlphaTauri,-1.0,18.0,90.513,17.0
1.0,Mercedes,0.0,1.0,76.60900000000001,4.0
2.0,Red Bull,0.0,2.0,76.612,1.0
3.0,McLaren,0.0,3.0,76.694,2.0
4.0,McLaren,0.0,4.0,76.905,5.0
5.0,Alfa Romeo,0.0,5.0,76.971,16.0
6.0,Ferrari,0.0,6.0,76.992,7.0
7.0,Alfa Romeo,0.0,7.0,77.03399999999999,12.0
8.0,Aston Martin,0.0,8.0,77.035,9.0
9.0,Red Bull,0.0,9.0,77.045,3.0
10.0,Haas F1 Team,0.0,10.0,77.186,14.0
11.0,Ferrari,0.0,11.0,77.703,8.0
13.0,AlphaTauri,0.0,13.0,78.002,13.0
14.0,Aston Martin,0.0,14.0,78.144,10.0
16.0,Williams,0.0,16.0,78.917,11.0
17.0,AlphaTauri,0.0,17.0,78.919,15.0
18.0,Mercedes,0.0,18.0,79.027,6.0
19.0,Haas F1 Team,0.0,19.0,79.206,17.0
1.0,Red Bull,5.0,6.0,106.168,1.0
2.0,Ferrari,-1.0,1.0,106.988,3.0
3.0,Red Bull,-1.0,2.0,107.045,2.0
4.0,Mercedes,-1.0,3.0,107.087,4.0
7.0,McLaren,0.0,7.0,107.669,7.0
8.0,Mercedes,0.0,8.0,107.805,6.0
9.0,Aston Martin,0.0,9.0,107.843,5.0
10.0,Aston Martin,0.0,10.0,108.84100000000001,9.0
11.0,AlphaTauri,0.0,11.0,113.148,10.0
12.0,Alpine F1 Team,0.0,12.0,113.67099999999999,11.0
13.0,Haas F1 Team,3.0,16.0,114.16,15.0
14.0,Alfa Romeo,-1.0,13.0,114.694,12.0
15.0,Alpine F1 Team,-1.0,14.0,116.372,8.0
16.0,Williams,-1.0,15.0,120.314,14.0
17.0,Alfa Romeo,0.0,17.0,120.832,13.0
18.0,Williams,0.0,18.0,121.535,17.0
19.0,AlphaTauri,0.0,19.0,122.159,16.0
20.0,Haas F1 Team,-20.0,0.0,123.166,18.0
1.0,Red Bull,0.0,1.0,70.56700000000001,1.0
2.0,McLaren,0.0,2.0,71.104,7.0
3.0,Mercedes,0.0,3.0,71.294,17.0
4.0,Williams,0.0,4.0,71.419,8.0
5.0,Aston Martin,0.0,5.0,71.506,2.0
6.0,Ferrari,0.0,6.0,71.754,5.0
7.0,Red Bull,0.0,7.0,71.88,4.0
8.0,McLaren,0.0,8.0,71.938,9.0
11.0,Aston Martin,0.0,11.0,80.121,11.0
12.0,Alpine F1 Team,0.0,12.0,80.128,3.0
13.0,Mercedes,0.0,13.0,80.151,6.0
14.0,AlphaTauri,3.0,17.0,80.23,15.0
15.0,Haas F1 Team,-1.0,14.0,80.25,12.0
17.0,Alpine F1 Team,-1.0,16.0,82.11,10.0
18.0,Haas F1 Team,-18.0,0.0,82.19200000000001,16.0
19.0,Alfa Romeo,-1.0,18.0,82.26,14.0
20.0,AlphaTauri,-1.0,19.0,83.42,13.0
1.0,Ferrari,0.0,1.0,80.294,3.0
2.0,Red Bull,0.0,2.0,80.307,1.0
3.0,Ferrari,0.0,3.0,80.361,4.0
4.0,Mercedes,0.0,4.0,80.67099999999999,5.0
5.0,Red Bull,0.0,5.0,80.688,2.0
6.0,Williams,0.0,6.0,80.76,7.0
7.0,McLaren,0.0,7.0,80.785,12.0
8.0,Mercedes,0.0,8.0,80.82,6.0
9.0,McLaren,0.0,9.0,80.979,8.0
10.0,Aston Martin,0.0,10.0,81.417,9.0
12.0,AlphaTauri,0.0,12.0,81.758,11.0
13.0,Haas F1 Team,0.0,13.0,81.776,17.0
14.0,Alfa Romeo,0.0,14.0,81.94,10.0
15.0,Williams,0.0,15.0,81.944,13.0
16.0,Alfa Romeo,0.0,16.0,82.39,14.0
17.0,Alpine F1 Team,0.0,17.0,82.545,15.0
19.0,Haas F1 Team,0.0,19.0,82.592,18.0
20.0,Aston Martin,0.0,20.0,82.86,16.0
1.0,Ferrari,0.0,1.0,90.98400000000001,1.0
2.0,Mercedes,0.0,2.0,91.056,16.0
3.0,Ferrari,0.0,3.0,91.063,4.0
4.0,McLaren,0.0,4.0,91.27,2.0
5.0,Mercedes,0.0,5.0,91.485,3.0
6.0,Haas F1 Team,0.0,6.0,91.575,10.0
7.0,Aston Martin,0.0,7.0,91.615,15.0
9.0,Haas F1 Team,0.0,9.0,91.80799999999999,13.0
10.0,AlphaTauri,0.0,10.0,92.268,9.0
11.0,Red Bull,0.0,11.0,92.173,5.0
12.0,Alpine F1 Team,0.0,12.0,92.274,6.0
13.0,Red Bull,0.0,13.0,92.31,8.0
14.0,Williams,0.0,14.0,93.719,11.0
17.0,McLaren,0.0,17.0,92.902,7.0
18.0,Williams,0.0,18.0,93.25200000000001,14.0
19.0,Alfa Romeo,-19.0,0.0,93.25800000000001,12.0
1.0,Red Bull,0.0,1.0,88.877,1.0
2.0,McLaren,0.0,2.0,89.458,3.0
3.0,McLaren,0.0,3.0,89.493,2.0
4.0,Ferrari,0.0,4.0,89.542,4.0
6.0,Ferrari,0.0,6.0,89.85,6.0
7.0,Mercedes,0.0,7.0,89.908,5.0
8.0,Mercedes,0.0,8.0,90.219,7.0
9.0,AlphaTauri,0.0,9.0,90.303,12.0
10.0,Aston Martin,0.0,10.0,90.56,8.0
11.0,AlphaTauri,0.0,11.0,90.508,11.0
12.0,Alpine F1 Team,0.0,12.0,90.509,10.0
14.0,Alpine F1 Team,0.0,14.0,90.586,9.0
15.0,Haas F1 Team,0.0,15.0,90.66499999999999,15.0
18.0,Haas F1 Team,0.0,18.0,91.299,14.0
19.0,Alfa Romeo,0.0,19.0,91.398,13.0
1.0,Red Bull,0.0,1.0,83.77799999999999,1.0
2.0,Mercedes,0.0,2.0,84.219,4.0
4.0,Aston Martin,0.0,4.0,84.369,6.0
5.0,Ferrari,0.0,5.0,84.424,5.0
6.0,McLaren,0.0,6.0,84.53999999999999,2.0
7.0,Alpine F1 Team,0.0,7.0,84.553,12.0
8.0,Alpine F1 Team,0.0,8.0,84.763,7.0
9.0,Alfa Romeo,0.0,9.0,85.05799999999999,8.0
10.0,McLaren,0.0,10.0,84.685,3.0
11.0,AlphaTauri,0.0,11.0,85.301,15.0
13.0,Red Bull,-13.0,0.0,85.462,10.0
14.0,Williams,-1.0,13.0,85.707,13.0
15.0,Haas F1 Team,-1.0,14.0,85.783,16.0
17.0,Aston Martin,-1.0,16.0,86.345,11.0
18.0,AlphaTauri,-1.0,17.0,86.635,17.0
19.0,Haas F1 Team,-1.0,18.0,87.04599999999999,14.0
20.0,Alfa Romeo,-1.0,19.0,87.432,9.0
2.0,McLaren,0.0,2.0,94.85300000000001,2.0
4.0,Ferrari,0.0,4.0,94.945,3.0
5.0,Mercedes,0.0,5.0,95.07900000000001,5.0
6.0,Red Bull,0.0,6.0,95.081,1.0
7.0,Alpine F1 Team,0.0,7.0,95.089,6.0
9.0,Red Bull,0.0,9.0,95.173,4.0
11.0,AlphaTauri,0.0,11.0,95.697,8.0
12.0,Alfa Romeo,0.0,12.0,95.69800000000001,13.0
13.0,Alfa Romeo,0.0,13.0,95.858,12.0
14.0,Haas F1 Team,-14.0,0.0,95.88,14.0
15.0,AlphaTauri,-1.0,14.0,95.97399999999999,15.0
16.0,Haas F1 Team,-16.0,0.0,96.235,11.0
18.0,Williams,-3.0,15.0,96.315,9.0
19.0,Aston Martin,-19.0,0.0,96.589,7.0
20.0,Williams,-4.0,16.0,96.827,10.0
1.0,Ferrari,0.0,1.0,77.166,3.0
2.0,Ferrari,0.0,2.0,77.233,4.0
3.0,Red Bull,0.0,3.0,77.263,1.0
4.0,AlphaTauri,0.0,4.0,77.382,7.0
6.0,Mercedes,0.0,6.0,77.45400000000001,2.0
7.0,McLaren,0.0,7.0,77.623,8.0
8.0,Mercedes,0.0,8.0,77.674,6.0
9.0,Alfa Romeo,0.0,9.0,78.032,15.0
10.0,Alfa Romeo,0.0,10.0,78.05,14.0
11.0,Alpine F1 Team,0.0,11.0,78.521,11.0
12.0,Haas F1 Team,0.0,12.0,78.524,13.0
14.0,Williams,0.0,14.0,79.14699999999999,9.0
15.0,AlphaTauri,3.0,18.0,78.89,12.0
16.0,Alpine F1 Team,-1.0,15.0,79.08,10.0
18.0,Aston Martin,-18.0,0.0,79.227,17.0
19.0,McLaren,-2.0,17.0,81.554,5.0
20.0,Williams,-1.0,19.0,84.536,16.0
1.0,Red Bull,0.0,1.0,70.727,1.0
3.0,Aston Martin,0.0,3.0,71.344,5.0
4.0,Aston Martin,0.0,4.0,71.387,3.0
5.0,Mercedes,0.0,5.0,71.469,8.0
7.0,McLaren,-1.0,6.0,71.987,2.0
8.0,Ferrari,-1.0,7.0,71.989,6.0
9.0,Red Bull,0.0,9.0,72.321,4.0
10.0,McLaren,0.0,10.0,70.33,14.0
11.0,Haas F1 Team,0.0,11.0,70.547,12.0
12.0,Alpine F1 Team,2.0,14.0,70.562,10.0
13.0,Alpine F1 Team,2.0,15.0,70.56700000000001,7.0
16.0,AlphaTauri,0.0,16.0,70.837,9.0
17.0,AlphaTauri,0.0,17.0,70.843,13.0
19.0,Williams,0.0,19.0,71.035,11.0
1.0,Ferrari,0.0,1.0,92.726,2.0
2.0,Ferrari,10.0,12.0,92.77000000000001,6.0
3.0,Red Bull,-1.0,2.0,93.104,1.0
4.0,Mercedes,-1.0,3.0,93.112,8.0
5.0,Alpine F1 Team,-1.0,4.0,93.239,11.0
6.0,Williams,-1.0,5.0,93.32300000000001,12.0
7.0,Williams,-1.0,6.0,93.513,16.0
8.0,Alfa Romeo,-1.0,7.0,93.525,17.0
9.0,Haas F1 Team,-1.0,8.0,93.537,13.0
10.0,Aston Martin,-1.0,9.0,93.555,9.0
11.0,Mercedes,-1.0,10.0,93.837,7.0
12.0,Red Bull,-1.0,11.0,93.85499999999999,3.0
13.0,Haas F1 Team,0.0,13.0,93.979,19.0
14.0,Aston Martin,5.0,19.0,94.199,5.0
15.0,AlphaTauri,-1.0,14.0,94.30799999999999,14.0
17.0,Alpine F1 Team,-1.0,16.0,94.834,4.0
18.0,Alfa Romeo,-1.0,17.0,94.84899999999999,15.0
19.0,McLaren,-1.0,18.0,94.85,10.0
20.0,AlphaTauri,0.0,20.0,96.447,18.0
1.0,Red Bull,0.0,1.0,83.445,1.0
2.0,Ferrari,0.0,2.0,83.584,2.0
3.0,McLaren,0.0,3.0,83.782,6.0
4.0,Mercedes,0.0,4.0,83.788,3.0
5.0,McLaren,0.0,5.0,83.816,5.0
6.0,AlphaTauri,0.0,6.0,83.968,8.0
7.0,Aston Martin,0.0,7.0,84.084,7.0
8.0,Haas F1 Team,0.0,8.0,84.108,15.0
9.0,Red Bull,0.0,9.0,84.17099999999999,4.0
10.0,Alpine F1 Team,0.0,10.0,84.548,13.0
11.0,Mercedes,0.0,11.0,84.35900000000001,9.0
12.0,Alpine F1 Team,0.0,12.0,84.39099999999999,12.0
13.0,Aston Martin,0.0,13.0,84.422,10.0
14.0,Williams,0.0,14.0,84.439,14.0
15.0,AlphaTauri,0.0,15.0,84.44200000000001,11.0
16.0,Ferrari,0.0,16.0,84.738,18.0
17.0,Haas F1 Team,0.0,17.0,84.764,20.0
18.0,Alfa Romeo,0.0,18.0,84.788,19.0
19.0,Alfa Romeo,0.0,19.0,85.15899999999999,17.0
20.0,Williams,0.0,20.0,84.536,16.0
1.0,Red Bull,0.0,1.0,89.179,1.0
2.0,Ferrari,0.0,2.0,89.407,4.0
3.0,Mercedes,0.0,3.0,89.485,5.0
4.0,Ferrari,0.0,4.0,89.507,3.0
5.0,Red Bull,0.0,5.0,89.537,2.0
6.0,Aston Martin,0.0,6.0,89.542,9.0
7.0,McLaren,0.0,7.0,89.614,6.0
8.0,McLaren,0.0,8.0,89.68299999999999,8.0
9.0,Mercedes,0.0,9.0,89.71000000000001,7.0
10.0,Haas F1 Team,0.0,10.0,90.502,16.0
11.0,RB F1 Team,0.0,11.0,90.129,14.0
12.0,Aston Martin,0.0,12.0,90.2,10.0
13.0,Williams,0.0,13.0,90.221,15.0
14.0,RB F1 Team,0.0,14.0,90.27799999999999,13.0
15.0,Haas F1 Team,0.0,15.0,90.529,12.0
16.0,Sauber,0.0,16.0,90.756,19.0
17.0,Sauber,0.0,17.0,90.757,11.0
18.0,Williams,0.0,18.0,90.77,20.0
19.0,Alpine F1 Team,0.0,19.0,90.793,17.0
20.0,Alpine F1 Team,0.0,20.0,90.94800000000001,18.0
1.0,Red Bull,0.0,1.0,87.47200000000001,1.0
2.0,Ferrari,0.0,2.0,87.791,3.0
3.0,Red Bull,0.0,3.0,87.807,2.0
4.0,Aston Martin,0.0,4.0,87.846,5.0
5.0,McLaren,0.0,5.0,88.089,4.0
6.0,McLaren,0.0,6.0,88.132,8.0
7.0,Mercedes,0.0,7.0,88.316,6.0
8.0,Mercedes,0.0,8.0,88.46000000000001,9.0
9.0,RB F1 Team,0.0,9.0,88.547,15.0
11.0,Ferrari,0.0,11.0,88.642,7.0
12.0,Williams,0.0,12.0,88.98,11.0
13.0,Haas F1 Team,0.0,13.0,89.02,12.0
14.0,RB F1 Team,0.0,14.0,89.025,16.0
15.0,Haas F1 Team,0.0,15.0,89.055,10.0
16.0,Sauber,0.0,16.0,89.179,17.0
17.0,Alpine F1 Team,0.0,17.0,89.475,13.0
19.0,Williams,0.0,19.0,89.526,14.0
20.0,Sauber,0.0,20.0,84.536,18.0
2.0,Ferrari,0.0,2.0,76.185,1.0
3.0,Red Bull,3.0,6.0,76.274,5.0
4.0,McLaren,-1.0,3.0,76.315,3.0
5.0,Ferrari,-1.0,4.0,76.435,2.0
6.0,McLaren,-1.0,5.0,76.572,4.0
7.0,Mercedes,0.0,7.0,76.724,17.0
8.0,RB F1 Team,0.0,8.0,76.788,7.0
9.0,Aston Martin,0.0,9.0,77.072,6.0
10.0,Aston Martin,0.0,10.0,77.55199999999999,8.0
12.0,Williams,0.0,12.0,77.167,11.0
13.0,Sauber,0.0,13.0,77.34,14.0
14.0,Haas F1 Team,0.0,14.0,77.42699999999999,10.0
15.0,Alpine F1 Team,0.0,15.0,77.697,16.0
16.0,Haas F1 Team,0.0,16.0,77.976,9.0
17.0,Alpine F1 Team,0.0,17.0,77.982,13.0
18.0,RB F1 Team,0.0,18.0,78.08500000000001,12.0
19.0,Sauber,0.0,19.0,78.188,15.0
1.0,Red Bull,0.0,1.0,88.197,1.0
2.0,Red Bull,0.0,2.0,88.263,2.0
3.0,McLaren,0.0,3.0,88.489,5.0
4.0,Ferrari,0.0,4.0,88.682,3.0
5.0,Aston Martin,0.0,5.0,88.686,6.0
6.0,McLaren,0.0,6.0,88.76,8.0
7.0,Mercedes,0.0,7.0,88.76599999999999,9.0
8.0,Ferrari,0.0,8.0,88.786,4.0
9.0,Mercedes,0.0,9.0,89.008,7.0
10.0,RB F1 Team,0.0,10.0,89.413,10.0
12.0,Haas F1 Team,0.0,12.0,89.494,11.0
13.0,Sauber,0.0,13.0,89.593,14.0
15.0,Alpine F1 Team,0.0,15.0,89.816,15.0
16.0,Aston Martin,0.0,16.0,90.024,12.0
17.0,Alpine F1 Team,0.0,17.0,90.119,16.0
18.0,Haas F1 Team,0.0,18.0,90.131,13.0
19.0,Williams,0.0,19.0,90.139,17.0
1.0,Red Bull,0.0,1.0,93.66,1.0
2.0,Red Bull,0.0,2.0,93.982,3.0
3.0,Aston Martin,0.0,3.0,94.148,7.0
4.0,McLaren,0.0,4.0,94.16499999999999,2.0
5.0,McLaren,0.0,5.0,94.273,8.0
6.0,Ferrari,0.0,6.0,94.289,4.0
7.0,Ferrari,0.0,7.0,94.297,5.0
8.0,Mercedes,0.0,8.0,94.43299999999999,6.0
9.0,Haas F1 Team,0.0,9.0,94.604,10.0
11.0,Aston Martin,0.0,11.0,94.838,15.0
13.0,Alpine F1 Team,0.0,13.0,95.223,11.0
14.0,Williams,0.0,14.0,95.241,12.0
15.0,Alpine F1 Team,0.0,15.0,95.463,13.0
16.0,Sauber,0.0,16.0,95.505,14.0
17.0,Haas F1 Team,0.0,17.0,95.51599999999999,16.0
18.0,Mercedes,0.0,18.0,95.57300000000001,9.0
20.0,Williams,0.0,20.0,96.358,17.0
1.0,Red Bull,0.0,1.0,87.241,2.0
2.0,Ferrari,0.0,2.0,87.382,3.0
3.0,Ferrari,0.0,3.0,87.455,5.0
4.0,Red Bull,0.0,4.0,87.46000000000001,4.0
5.0,McLaren,0.0,5.0,87.594,1.0
6.0,McLaren,0.0,6.0,87.675,13.0
7.0,Mercedes,0.0,7.0,88.06700000000001,8.0
8.0,Mercedes,0.0,8.0,88.107,6.0
9.0,Haas F1 Team,0.0,9.0,88.146,11.0
10.0,RB F1 Team,0.0,10.0,88.19200000000001,7.0
11.0,Aston Martin,0.0,11.0,88.22200000000001,17.0
12.0,Alpine F1 Team,0.0,12.0,88.324,12.0
13.0,Alpine F1 Team,0.0,13.0,88.371,10.0
14.0,Williams,0.0,14.0,88.413,18.0
15.0,Aston Martin,0.0,15.0,88.42699999999999,9.0
16.0,Sauber,0.0,16.0,88.463,16.0
18.0,RB F1 Team,2.0,20.0,88.617,15.0
19.0,Haas F1 Team,-1.0,18.0,88.619,19.0
20.0,Sauber,-1.0,19.0,88.824,14.0
1.0,Red Bull,0.0,1.0,74.746,1.0
2.0,McLaren,3.0,5.0,74.82,4.0
3.0,McLaren,-1.0,2.0,74.837,2.0
4.0,Ferrari,-1.0,3.0,74.97,3.0
5.0,Ferrari,-1.0,4.0,75.233,5.0
6.0,Mercedes,0.0,6.0,75.234,7.0
7.0,RB F1 Team,0.0,7.0,75.465,10.0
8.0,Mercedes,0.0,8.0,75.504,6.0
9.0,RB F1 Team,0.0,9.0,75.674,13.0
10.0,Haas F1 Team,0.0,10.0,75.98,11.0
11.0,Red Bull,0.0,11.0,75.706,8.0
12.0,Alpine F1 Team,0.0,12.0,75.906,14.0
13.0,Aston Martin,0.0,13.0,75.992,9.0
15.0,Alpine F1 Team,0.0,15.0,76.381,16.0
16.0,Sauber,0.0,16.0,76.626,18.0
17.0,Sauber,0.0,17.0,76.834,15.0
18.0,Haas F1 Team,0.0,18.0,76.854,12.0
19.0,Aston Martin,1.0,20.0,76.917,19.0
20.0,Williams,-1.0,19.0,84.536,17.0
1.0,Ferrari,0.0,1.0,70.27,1.0
2.0,McLaren,0.0,2.0,70.424,2.0
3.0,Ferrari,0.0,3.0,70.518,3.0
4.0,McLaren,0.0,4.0,70.542,4.0
5.0,Mercedes,0.0,5.0,70.543,5.0
6.0,Red Bull,0.0,6.0,70.56700000000001,6.0
7.0,Mercedes,0.0,7.0,70.621,7.0
8.0,RB F1 Team,0.0,8.0,70.858,8.0
9.0,Williams,0.0,9.0,70.94800000000001,9.0
10.0,Alpine F1 Team,0.0,10.0,71.311,10.0
13.0,RB F1 Team,-1.0,12.0,71.482,12.0
14.0,Aston Martin,-1.0,13.0,71.563,14.0
16.0,Aston Martin,-2.0,14.0,72.019,11.0
17.0,Williams,-2.0,15.0,72.02,15.0
19.0,Sauber,-2.0,17.0,72.512,13.0
20.0,Sauber,-2.0,18.0,73.028,16.0
1.0,Mercedes,0.0,1.0,72.0,3.0
2.0,Red Bull,0.0,2.0,72.0,1.0
3.0,McLaren,0.0,3.0,72.021,2.0
4.0,McLaren,0.0,4.0,72.103,5.0
5.0,RB F1 Team,0.0,5.0,72.178,8.0
6.0,Aston Martin,0.0,6.0,72.228,6.0
7.0,Mercedes,0.0,7.0,72.28,4.0
8.0,RB F1 Team,0.0,8.0,72.414,14.0
9.0,Aston Martin,0.0,9.0,72.701,7.0
14.0,Haas F1 Team,0.0,14.0,72.916,12.0
15.0,Alpine F1 Team,0.0,15.0,72.94,9.0
17.0,Sauber,-17.0,0.0,73.366,13.0
18.0,Alpine F1 Team,0.0,18.0,73.435,10.0
19.0,Haas F1 Team,-2.0,17.0,73.978,11.0
20.0,Sauber,-20.0,0.0,74.292,15.0
1.0,McLaren,0.0,1.0,71.383,2.0
2.0,Red Bull,0.0,2.0,71.403,1.0
3.0,Mercedes,0.0,3.0,71.701,3.0
4.0,Mercedes,0.0,4.0,71.703,4.0
5.0,Ferrari,0.0,5.0,71.731,5.0
6.0,Ferrari,0.0,6.0,71.736,6.0
7.0,Alpine F1 Team,0.0,7.0,71.857,9.0
8.0,Red Bull,3.0,11.0,72.061,8.0
9.0,Alpine F1 Team,-1.0,8.0,72.125,10.0
10.0,McLaren,-1.0,9.0,72.011,7.0
11.0,Aston Martin,-1.0,10.0,72.128,12.0
12.0,Sauber,0.0,12.0,72.227,16.0
13.0,Haas F1 Team,0.0,13.0,72.31,11.0
14.0,Aston Martin,0.0,14.0,72.372,14.0
15.0,Sauber,0.0,15.0,72.738,13.0
16.0,Haas F1 Team,0.0,16.0,72.937,17.0
17.0,RB F1 Team,0.0,17.0,72.985,19.0
18.0,RB F1 Team,0.0,18.0,73.075,15.0
19.0,Williams,-19.0,0.0,73.153,18.0
20.0,Williams,-1.0,19.0,73.509,20.0
1.0,Red Bull,0.0,1.0,64.314,5.0
2.0,McLaren,0.0,2.0,64.718,20.0
3.0,Mercedes,0.0,3.0,64.84,1.0
4.0,Ferrari,0.0,4.0,64.851,3.0
5.0,Mercedes,0.0,5.0,64.903,4.0
6.0,Ferrari,0.0,6.0,65.044,11.0
7.0,McLaren,0.0,7.0,65.048,2.0
8.0,Red Bull,0.0,8.0,65.202,7.0
9.0,Haas F1 Team,0.0,9.0,65.385,6.0
10.0,Alpine F1 Team,0.0,10.0,65.883,12.0
11.0,RB F1 Team,0.0,11.0,65.289,9.0
12.0,Haas F1 Team,0.0,12.0,65.347,8.0
13.0,Alpine F1 Team,0.0,13.0,65.359,10.0
14.0,RB F1 Team,0.0,14.0,65.412,14.0
15.0,Aston Martin,0.0,15.0,65.639,18.0
16.0,Williams,0.0,16.0,65.736,15.0
17.0,Aston Martin,0.0,17.0,65.819,13.0
18.0,Sauber,0.0,18.0,65.847,16.0
19.0,Williams,0.0,19.0,65.856,19.0
20.0,Sauber,0.0,20.0,66.061,17.0
2.0,Mercedes,0.0,2.0,85.99,1.0
3.0,McLaren,0.0,3.0,86.03,3.0
4.0,Red Bull,0.0,4.0,86.203,2.0
5.0,McLaren,0.0,5.0,86.237,4.0
6.0,Haas F1 Team,0.0,6.0,86.338,6.0
7.0,Ferrari,0.0,7.0,86.509,5.0
8.0,Aston Martin,0.0,8.0,86.58500000000001,7.0
9.0,Williams,0.0,9.0,86.64,9.0
10.0,Aston Martin,0.0,10.0,86.917,8.0
11.0,Ferrari,0.0,11.0,87.09700000000001,14.0
12.0,Williams,0.0,12.0,87.175,11.0
13.0,RB F1 Team,0.0,13.0,87.269,10.0
14.0,Sauber,0.0,14.0,87.867,18.0
15.0,RB F1 Team,0.0,15.0,87.949,13.0
16.0,Sauber,0.0,16.0,92.431,15.0
17.0,Haas F1 Team,0.0,17.0,92.905,12.0
18.0,Alpine F1 Team,0.0,18.0,94.557,16.0
19.0,Red Bull,-19.0,0.0,98.348,17.0
1.0,McLaren,0.0,1.0,75.227,2.0
2.0,McLaren,0.0,2.0,75.249,1.0
3.0,Red Bull,0.0,3.0,75.273,5.0
4.0,Ferrari,0.0,4.0,75.696,6.0
5.0,Mercedes,0.0,5.0,75.854,3.0
6.0,Ferrari,0.0,6.0,75.905,4.0
7.0,Aston Martin,0.0,7.0,76.043,11.0
8.0,Aston Martin,0.0,8.0,76.244,10.0
9.0,RB F1 Team,0.0,9.0,76.447,12.0
10.0,RB F1 Team,0.0,10.0,76.477,9.0
11.0,Haas F1 Team,0.0,11.0,76.31700000000001,13.0
12.0,Sauber,0.0,12.0,76.384,16.0
13.0,Williams,0.0,13.0,76.429,14.0
14.0,Williams,0.0,14.0,76.543,17.0
15.0,Haas F1 Team,0.0,15.0,76.548,15.0
16.0,Red Bull,0.0,16.0,77.886,7.0
17.0,Mercedes,0.0,17.0,77.968,8.0
18.0,Sauber,0.0,18.0,78.037,19.0
19.0,Alpine F1 Team,0.0,19.0,78.049,18.0
1.0,Red Bull,10.0,11.0,113.15899999999999,4.0
2.0,Ferrari,-1.0,1.0,113.75399999999999,3.0
3.0,Red Bull,-1.0,2.0,113.765,7.0
4.0,Mercedes,-1.0,3.0,113.83500000000001,1.0
5.0,McLaren,-1.0,4.0,113.981,5.0
6.0,McLaren,-1.0,5.0,114.027,2.0
8.0,Ferrari,-1.0,7.0,114.477,6.0
9.0,Aston Martin,-1.0,8.0,114.765,8.0
10.0,Alpine F1 Team,-1.0,9.0,114.81,9.0
11.0,Williams,-1.0,10.0,114.473,12.0
12.0,Alpine F1 Team,0.0,12.0,114.63499999999999,13.0
13.0,RB F1 Team,0.0,13.0,114.682,10.0
14.0,Sauber,0.0,14.0,114.76400000000001,15.0
15.0,Aston Martin,0.0,15.0,115.71600000000001,11.0
16.0,Haas F1 Team,0.0,16.0,116.30799999999999,18.0
17.0,Haas F1 Team,0.0,17.0,116.5,14.0
18.0,RB F1 Team,2.0,20.0,116.593,16.0
19.0,Williams,-1.0,18.0,117.22999999999999,17.0
1.0,McLaren,0.0,1.0,69.673,1.0
2.0,Red Bull,0.0,2.0,70.029,2.0
3.0,McLaren,0.0,3.0,70.172,4.0
4.0,Mercedes,0.0,4.0,70.244,7.0
5.0,Red Bull,0.0,5.0,70.416,6.0
6.0,Ferrari,0.0,6.0,70.582,3.0
7.0,Aston Martin,0.0,7.0,70.633,10.0
8.0,Aston Martin,0.0,8.0,70.857,13.0
9.0,Alpine F1 Team,0.0,9.0,70.977,9.0
10.0,Ferrari,0.0,10.0,70.914,5.0
11.0,Mercedes,3.0,14.0,70.94800000000001,8.0
12.0,RB F1 Team,-1.0,11.0,70.955,17.0
13.0,Haas F1 Team,-1.0,12.0,71.215,11.0
14.0,Haas F1 Team,-14.0,0.0,71.295,18.0
15.0,RB F1 Team,-2.0,13.0,71.943,12.0
16.0,Alpine F1 Team,-1.0,15.0,71.995,15.0
17.0,Sauber,-1.0,16.0,72.168,19.0
18.0,Sauber,-1.0,17.0,73.261,20.0
19.0,Williams,0.0,19.0,84.536,14.0
20.0,Williams,-2.0,18.0,84.536,16.0
1.0,McLaren,0.0,1.0,79.327,3.0
2.0,McLaren,0.0,2.0,79.436,2.0
3.0,Mercedes,0.0,3.0,79.44,7.0
4.0,Ferrari,0.0,4.0,79.461,1.0
5.0,Ferrari,0.0,5.0,79.467,4.0
6.0,Mercedes,0.0,6.0,79.513,5.0
7.0,Red Bull,0.0,7.0,80.02199999999999,6.0
8.0,Red Bull,0.0,8.0,80.062,8.0
9.0,Williams,0.0,9.0,80.299,9.0
10.0,Haas F1 Team,0.0,10.0,80.339,17.0
11.0,Aston Martin,0.0,11.0,80.42099999999999,11.0
12.0,RB F1 Team,0.0,12.0,80.479,13.0
13.0,Haas F1 Team,0.0,13.0,80.69800000000001,10.0
14.0,Alpine F1 Team,0.0,14.0,80.738,15.0
15.0,Alpine F1 Team,0.0,15.0,80.76599999999999,14.0
17.0,Aston Martin,0.0,17.0,81.013,19.0
18.0,Williams,0.0,18.0,81.061,12.0
19.0,Sauber,0.0,19.0,81.101,16.0
20.0,Sauber,0.0,20.0,81.445,18.0
1.0,Ferrari,0.0,1.0,101.36500000000001,2.0
2.0,McLaren,0.0,2.0,101.686,1.0
3.0,Ferrari,0.0,3.0,101.805,18.0
4.0,Red Bull,0.0,4.0,101.813,17.0
5.0,Mercedes,0.0,5.0,101.874,3.0
6.0,Red Bull,0.0,6.0,102.023,5.0
7.0,Mercedes,-7.0,0.0,102.289,9.0
8.0,Aston Martin,-1.0,7.0,102.369,6.0
9.0,Williams,-1.0,8.0,102.53,8.0
10.0,Williams,-1.0,9.0,102.85900000000001,7.0
11.0,Haas F1 Team,-1.0,10.0,102.968,10.0
13.0,Haas F1 Team,-1.0,12.0,103.191,11.0
14.0,Aston Martin,-1.0,13.0,103.404,19.0
15.0,RB F1 Team,-1.0,14.0,103.547,13.0
16.0,McLaren,-1.0,15.0,103.60900000000001,4.0
17.0,Sauber,-1.0,16.0,103.618,16.0
18.0,Sauber,-1.0,17.0,104.24600000000001,14.0
19.0,Alpine F1 Team,-19.0,0.0,104.50399999999999,15.0
20.0,Alpine F1 Team,-2.0,18.0,103.179,12.0
1.0,McLaren,0.0,1.0,89.525,1.0
2.0,Red Bull,0.0,2.0,89.72800000000001,2.0
3.0,Mercedes,0.0,3.0,89.84100000000001,6.0
4.0,Mercedes,0.0,4.0,89.867,4.0
5.0,McLaren,0.0,5.0,89.953,3.0
6.0,Haas F1 Team,0.0,6.0,90.115,9.0
7.0,Aston Martin,0.0,7.0,90.214,8.0
8.0,RB F1 Team,0.0,8.0,90.354,12.0
9.0,Ferrari,0.0,9.0,89.747,5.0
10.0,Ferrari,0.0,10.0,90.108,7.0
12.0,Williams,0.0,12.0,90.481,11.0
13.0,Red Bull,0.0,13.0,90.57900000000001,10.0
14.0,Haas F1 Team,0.0,14.0,90.65299999999999,19.0
15.0,Alpine F1 Team,0.0,15.0,90.769,13.0
16.0,RB F1 Team,0.0,16.0,91.08500000000001,18.0
17.0,Aston Martin,0.0,17.0,91.094,14.0
18.0,Alpine F1 Team,0.0,18.0,91.312,17.0
19.0,Sauber,0.0,19.0,91.572,16.0
20.0,Sauber,0.0,20.0,92.054,15.0
1.0,McLaren,0.0,1.0,92.33,4.0
2.0,Red Bull,0.0,2.0,92.36099999999999,3.0
3.0,Ferrari,0.0,3.0,92.652,2.0
4.0,Ferrari,0.0,4.0,92.74000000000001,1.0
5.0,McLaren,0.0,5.0,92.95,5.0
6.0,Mercedes,14.0,20.0,92.97399999999999,6.0
7.0,Alpine F1 Team,-1.0,6.0,93.018,12.0
8.0,Aston Martin,-1.0,7.0,93.309,13.0
9.0,Haas F1 Team,-1.0,8.0,93.481,11.0
10.0,Red Bull,-1.0,9.0,93.02000000000001,7.0
11.0,RB F1 Team,-1.0,10.0,93.506,14.0
12.0,Haas F1 Team,-1.0,11.0,93.544,8.0
13.0,Alpine F1 Team,-1.0,12.0,93.59700000000001,18.0
14.0,Aston Martin,-1.0,13.0,93.759,15.0
15.0,RB F1 Team,4.0,19.0,93.339,9.0
16.0,Williams,-2.0,14.0,94.051,16.0
17.0,Williams,-2.0,15.0,94.062,10.0
18.0,Sauber,-2.0,16.0,94.152,17.0
20.0,Sauber,-2.0,18.0,94.22800000000001,19.0
1.0,Ferrari,0.0,1.0,75.946,1.0
2.0,Red Bull,0.0,2.0,76.17099999999999,6.0
3.0,McLaren,0.0,3.0,76.26,2.0
4.0,Ferrari,0.0,4.0,76.265,3.0
5.0,Mercedes,0.0,5.0,76.356,5.0
6.0,Mercedes,0.0,6.0,76.651,4.0
7.0,Haas F1 Team,0.0,7.0,76.886,7.0
8.0,Alpine F1 Team,0.0,8.0,76.892,10.0
10.0,Haas F1 Team,0.0,10.0,77.365,9.0
12.0,RB F1 Team,0.0,12.0,77.162,16.0
14.0,Aston Martin,0.0,14.0,77.294,11.0
15.0,Sauber,0.0,15.0,77.81700000000001,14.0
16.0,Williams,0.0,16.0,77.55799999999999,12.0
17.0,McLaren,0.0,17.0,77.59700000000001,8.0
18.0,Red Bull,0.0,18.0,77.611,17.0
19.0,Alpine F1 Team,-19.0,0.0,77.617,13.0
20.0,Sauber,-1.0,19.0,78.072,15.0
1.0,McLaren,0.0,1.0,83.405,6.0
2.0,Mercedes,0.0,2.0,83.578,4.0
3.0,RB F1 Team,0.0,3.0,84.111,7.0
4.0,Alpine F1 Team,0.0,4.0,84.475,2.0
5.0,RB F1 Team,0.0,5.0,84.48400000000001,9.0
6.0,Ferrari,0.0,6.0,84.525,5.0
8.0,McLaren,0.0,8.0,84.686,8.0
9.0,Aston Martin,0.0,9.0,88.998,14.0
11.0,Sauber,0.0,11.0,86.47200000000001,13.0
12.0,Red Bull,5.0,17.0,87.771,1.0
13.0,Red Bull,-1.0,12.0,88.158,11.0
15.0,Alpine F1 Team,-2.0,13.0,89.614,3.0
16.0,Mercedes,-2.0,14.0,91.15,10.0
17.0,Haas F1 Team,-2.0,15.0,91.229,12.0
20.0,Sauber,-1.0,19.0,92.263,15.0
1.0,Mercedes,0.0,1.0,92.312,1.0
2.0,Ferrari,0.0,2.0,92.41,3.0
4.0,Ferrari,0.0,4.0,92.783,4.0
5.0,Red Bull,0.0,5.0,92.797,5.0
6.0,McLaren,0.0,6.0,93.00800000000001,6.0
7.0,RB F1 Team,0.0,7.0,93.029,9.0
8.0,McLaren,0.0,8.0,93.033,7.0
9.0,Haas F1 Team,0.0,9.0,93.062,8.0
10.0,Mercedes,0.0,10.0,108.106,2.0
11.0,Alpine F1 Team,0.0,11.0,93.221,17.0
12.0,Haas F1 Team,0.0,12.0,93.297,12.0
13.0,Sauber,0.0,13.0,93.566,13.0
14.0,Williams,-14.0,0.0,93.749,14.0
15.0,RB F1 Team,-1.0,14.0,94.257,16.0
16.0,Red Bull,-1.0,15.0,94.155,10.0
17.0,Aston Martin,-1.0,16.0,94.25800000000001,11.0
19.0,Sauber,0.0,19.0,94.43,18.0
20.0,Aston Martin,-2.0,18.0,94.48400000000001,15.0
1.0,Red Bull,1.0,2.0,80.52,1.0
2.0,Mercedes,-1.0,1.0,80.575,4.0
3.0,McLaren,0.0,3.0,80.77199999999999,10.0
4.0,McLaren,0.0,4.0,80.82900000000001,3.0
5.0,Ferrari,0.0,5.0,80.852,2.0
6.0,Mercedes,0.0,6.0,81.011,12.0
7.0,Ferrari,0.0,7.0,81.041,6.0
8.0,Aston Martin,0.0,8.0,81.251,7.0
10.0,Haas F1 Team,0.0,10.0,81.5,9.0
11.0,Alpine F1 Team,0.0,11.0,81.437,5.0
12.0,Sauber,0.0,12.0,81.501,8.0
13.0,Sauber,0.0,13.0,81.731,11.0
14.0,RB F1 Team,0.0,14.0,81.771,13.0
16.0,Williams,0.0,16.0,82.39,15.0
17.0,RB F1 Team,0.0,17.0,82.411,14.0
1.0,McLaren,0.0,1.0,82.595,1.0
2.0,McLaren,0.0,2.0,82.804,10.0
3.0,Ferrari,0.0,3.0,82.824,2.0
4.0,Haas F1 Team,3.0,7.0,82.886,8.0
5.0,Red Bull,-1.0,4.0,82.945,6.0
6.0,Alpine F1 Team,-1.0,5.0,82.98400000000001,7.0
7.0,Mercedes,-1.0,6.0,83.132,5.0
8.0,Aston Martin,0.0,8.0,83.196,9.0
11.0,RB F1 Team,0.0,11.0,83.419,12.0
12.0,RB F1 Team,0.0,12.0,83.47200000000001,17.0
13.0,Aston Martin,0.0,13.0,83.78399999999999,14.0
14.0,Ferrari,5.0,19.0,83.833,3.0
15.0,Haas F1 Team,-1.0,14.0,83.877,16.0
16.0,Williams,2.0,18.0,83.821,11.0
17.0,Sauber,-2.0,15.0,83.88,13.0
18.0,Mercedes,-2.0,16.0,83.887,4.0
20.0,Alpine F1 Team,-3.0,17.0,84.105,15.0
1.0,McLaren,0.0,1.0,63.971,1.0
2.0,Ferrari,-1.0,2.0,64.492,3.0
3.0,McLaren,1.0,3.0,64.554,2.0
4.0,Ferrari,0.0,4.0,64.582,4.0
5.0,Mercedes,0.0,5.0,64.763,5.0
6.0,Racing Bulls,0.0,6.0,64.926,6.0
7.0,Red Bull Racing,-11.0,7.0,64.929,18.0
8.0,Kick Sauber,0.0,8.0,65.132,8.0
9.0,Mercedes,-10.0,9.0,65.276,19.0
10.0,Alpine,-3.0,10.0,65.649,13.0
11.0,Aston Martin,4.0,11.0,65.128,7.0
12.0,Williams,-5.0,12.0,65.205,17.0
13.0,Racing Bulls,1.0,13.0,65.226,12.0
14.0,Alpine,-1.0,14.0,65.288,15.0
15.0,Haas F1 Team,4.0,15.0,65.312,11.0
16.0,Aston Martin,2.0,16.0,65.329,14.0
17.0,Haas F1 Team,7.0,17.0,65.364,10.0
18.0,Red Bull Racing,2.0,18.0,65.369,16.0
19.0,Williams,-1.0,19.0,65.582,20.0
20.0,Kick Sauber,11.0,20.0,65.606,9.0
